-- MySQL dump 10.15  Distrib 10.0.15-MariaDB, for Linux (x86_64)
--
-- Host: localhost    Database: 
-- ------------------------------------------------------
-- Server version	10.0.15-MariaDB-log

/*!40101 SET @OLD_CHARACTER_SET_CLIENT=@@CHARACTER_SET_CLIENT */;
/*!40101 SET @OLD_CHARACTER_SET_RESULTS=@@CHARACTER_SET_RESULTS */;
/*!40101 SET @OLD_COLLATION_CONNECTION=@@COLLATION_CONNECTION */;
/*!40101 SET NAMES utf8 */;
/*!40103 SET @OLD_TIME_ZONE=@@TIME_ZONE */;
/*!40103 SET TIME_ZONE='+00:00' */;
/*!40014 SET @OLD_UNIQUE_CHECKS=@@UNIQUE_CHECKS, UNIQUE_CHECKS=0 */;
/*!40014 SET @OLD_FOREIGN_KEY_CHECKS=@@FOREIGN_KEY_CHECKS, FOREIGN_KEY_CHECKS=0 */;
/*!40101 SET @OLD_SQL_MODE=@@SQL_MODE, SQL_MODE='NO_AUTO_VALUE_ON_ZERO' */;
/*!40111 SET @OLD_SQL_NOTES=@@SQL_NOTES, SQL_NOTES=0 */;

--
-- Current Database: `kanvar_dementia`
--

CREATE DATABASE /*!32312 IF NOT EXISTS*/ `kanvar_dementia` /*!40100 DEFAULT CHARACTER SET utf8 */;

USE `kanvar_dementia`;

--
-- Table structure for table `observations`
--

DROP TABLE IF EXISTS `observations`;
/*!40101 SET @saved_cs_client     = @@character_set_client */;
/*!40101 SET character_set_client = utf8 */;
CREATE TABLE `observations` (
  `patient` int(11) NOT NULL,
  `path` varchar(500) NOT NULL,
  `time` timestamp NOT NULL DEFAULT CURRENT_TIMESTAMP
) ENGINE=InnoDB DEFAULT CHARSET=latin1;
/*!40101 SET character_set_client = @saved_cs_client */;

--
-- Dumping data for table `observations`
--

LOCK TABLES `observations` WRITE;
/*!40000 ALTER TABLE `observations` DISABLE KEYS */;
INSERT INTO `observations` VALUES (4,'media/','2014-12-09 07:23:59'),(4,'media/ [AUTOPLAY] //Family Messages/Your Grandson.mp4','2014-12-09 07:39:00'),(4,'media/','2014-12-09 07:39:17'),(4,'media/ [AUTOPLAY] //Family Messages/Your Grandson.mp4','2014-12-09 07:54:17'),(4,'media/','2014-12-09 07:54:34'),(4,'media/ [AUTOPLAY] //Music/Elvis Presley.mp3','2014-12-09 08:09:34'),(4,'media/','2014-12-09 08:09:48'),(4,'media/','2014-12-10 01:25:47'),(6,'media/','2014-12-14 01:18:31'),(6,'media//Music/','2014-12-14 01:18:42'),(6,'media//Music// [AUTOPLAY] ABBA.mp3','2014-12-14 01:18:44'),(6,'media//Music/// [AUTOPLAY] Dean Martin.mp3','2014-12-14 01:18:48'),(6,'media//Music//// [AUTOPLAY] Elvis Presley.mp3','2014-12-14 01:18:49'),(6,'media//Music////','2014-12-14 01:18:50'),(6,'media//Music///// [AUTOPLAY] Frank Sinatra.mp3','2014-12-14 01:18:52'),(6,'media/','2014-12-14 01:18:57'),(6,'media/','2014-12-14 01:19:22'),(6,'media/ [AUTOPLAY] //Music/Frank Sinatra.mp3','2014-12-14 01:19:29'),(6,'media/','2014-12-14 01:19:34'),(6,'media/ [AUTOPLAY] //Old Movies/The Last Time I Saw Paris.mp4','2014-12-14 01:19:37'),(6,'media/','2014-12-14 01:19:44'),(6,'media/ [AUTOPLAY] //Old Movies/The Wizard Of Oz.mp4','2014-12-14 01:19:45'),(6,'media/','2014-12-14 01:19:47'),(6,'media/ [AUTOPLAY] //Music/The Beatles.mp3','2014-12-14 01:19:47'),(6,'media/','2014-12-14 01:19:49'),(6,'media/ [AUTOPLAY] //Music/ABBA.mp3','2014-12-14 01:19:52'),(6,'media/','2014-12-14 01:19:55'),(6,'media/','2014-12-14 01:20:04'),(6,'media//Old Movies/','2014-12-14 01:20:13'),(6,'media//Old Movies// [AUTOPLAY] The Last Time I Saw Paris.mp4','2014-12-14 01:20:16'),(6,'media//Old Movies/// [AUTOPLAY] The Wizard Of Oz.mp4','2014-12-14 01:20:20'),(6,'media/','2014-12-14 01:20:36'),(6,'media/','2014-12-14 14:49:57'),(6,'media/ [AUTOPLAY] //Old Movies/A Star Is Born.mp4','2014-12-14 14:49:57'),(6,'media/','2014-12-14 14:50:00'),(6,'media/ [AUTOPLAY] //Music/Dean Martin.mp3','2014-12-14 14:50:00'),(6,'media/','2014-12-14 14:50:01'),(6,'media/ [AUTOPLAY] //Old Movies/The Inspector General.mp4','2014-12-14 14:50:01'),(6,'media/','2014-12-14 14:50:10'),(6,'media/ [AUTOPLAY] //Old Movies/The Last Time I Saw Paris.mp4','2014-12-14 14:50:11'),(6,'media/','2014-12-14 14:50:12'),(6,'media/ [AUTOPLAY] //Old Movies/The Wizard Of Oz.mp4','2014-12-14 14:50:12'),(6,'media/','2014-12-14 14:50:14'),(6,'media/ [AUTOPLAY] //Photos/Puppies And Kittens.kanvar','2014-12-14 14:50:14'),(6,'media/','2014-12-14 14:50:16'),(6,'media/ [AUTOPLAY] //Old Movies/A Star Is Born.mp4','2014-12-14 14:50:17'),(6,'media/','2014-12-14 14:50:44'),(6,'media/ [AUTOPLAY] //Old Movies/The Inspector General.mp4','2014-12-14 14:50:44'),(6,'media/ [AUTOPLAY] //Old Movies/The Last Time I Saw Paris.mp4','2014-12-14 14:50:46'),(6,'media/','2014-12-14 14:51:15'),(6,'media/','2014-12-14 14:52:26'),(6,'media/','2014-12-14 14:52:55'),(6,'media/ [AUTOPLAY] //Family Messages/Your Grandson.mp4','2014-12-14 14:52:55'),(6,'media/','2014-12-14 14:52:56'),(6,'media/ [AUTOPLAY] //Old Movies/The Wizard Of Oz.mp4','2014-12-14 14:52:56'),(6,'media/','2014-12-14 14:53:00'),(6,'media/','2014-12-14 14:55:09'),(6,'media/','2014-12-14 14:55:49'),(6,'media/','2014-12-14 14:56:50'),(6,'media/','2014-12-14 14:57:24'),(6,'media/','2014-12-14 14:57:48'),(6,'media/','2014-12-14 14:58:14'),(6,'media/','2014-12-14 15:00:33'),(6,'media/','2014-12-14 15:01:14'),(6,'media/','2014-12-14 15:02:39'),(6,'media/','2014-12-14 15:03:51'),(6,'media/','2014-12-14 15:04:21'),(6,'media/','2014-12-14 15:04:53'),(6,'media/','2014-12-14 15:05:15'),(6,'media/','2014-12-14 15:05:26'),(6,'media/','2014-12-14 15:06:11'),(6,'media/','2014-12-14 15:06:29'),(6,'media/','2014-12-14 15:06:44'),(6,'media/','2014-12-14 15:06:54'),(6,'media/','2014-12-14 15:07:05'),(6,'media/','2014-12-14 15:08:04'),(6,'media/','2014-12-14 15:09:45'),(6,'media/','2014-12-14 15:10:23'),(6,'media/','2014-12-14 15:11:24'),(6,'media/','2014-12-14 15:12:37'),(6,'media/','2014-12-14 15:14:34'),(6,'media/','2014-12-14 15:15:07'),(6,'media/','2014-12-14 15:15:25'),(6,'media/','2014-12-14 15:15:40'),(6,'media/','2014-12-14 15:16:01'),(6,'media/ [AUTOPLAY] //Music/Elvis Presley.mp3','2014-12-14 15:16:11'),(6,'media/ [AUTOPLAY] //Old Movies/A Star Is Born.mp4','2014-12-14 15:16:11'),(6,'media/ [AUTOPLAY] //Photos/Puppies And Kittens.kanvar','2014-12-14 15:16:12'),(6,'media/ [AUTOPLAY] //Old Movies/The Inspector General.mp4','2014-12-14 15:16:12'),(6,'media/ [AUTOPLAY] //Music/Frank Sinatra.mp3','2014-12-14 15:16:12'),(6,'media/ [AUTOPLAY] //Music/The Beatles.mp3','2014-12-14 15:16:13'),(6,'media/ [AUTOPLAY] //Music/ABBA.mp3','2014-12-14 15:16:14'),(6,'media/','2014-12-14 15:22:26'),(6,'media/ [AUTOPLAY] //Music/Dean Martin.mp3','2014-12-14 15:22:37'),(6,'media/','2014-12-14 15:22:58'),(6,'media/','2014-12-14 15:23:08'),(6,'media/','2014-12-14 15:23:37'),(6,'media/ [AUTOPLAY] //Family Messages/Your Grandson.mp4','2014-12-14 15:23:42'),(6,'media/','2014-12-14 15:23:46'),(6,'media/','2014-12-14 15:24:15'),(6,'media/ [AUTOPLAY] //Family Messages/Your Grandson.mp4','2014-12-14 15:24:36'),(6,'media/','2014-12-14 15:24:42'),(6,'media/ [AUTOPLAY] //Music/Elvis Presley.mp3','2014-12-14 15:25:22'),(6,'media/','2014-12-14 15:25:30'),(6,'media/ [AUTOPLAY] //Family Messages/Your Grandson.mp4','2014-12-14 15:26:10'),(6,'media/','2014-12-14 15:26:13'),(6,'media/','2014-12-17 00:36:08'),(6,'media//Music/','2014-12-17 00:36:36'),(6,'media//Music/','2014-12-17 00:36:51'),(6,'media//Music/','2014-12-17 00:36:56'),(6,'media//Music// [AUTOPLAY] ABBA.mp3','2014-12-17 00:36:59'),(6,'media//Music/// [AUTOPLAY] Dean Martin.mp3','2014-12-17 00:37:05'),(6,'media//Music//// [AUTOPLAY] Elvis Presley.mp3','2014-12-17 00:37:07'),(6,'media/','2014-12-17 00:37:09'),(6,'media//Old Movies/','2014-12-17 00:37:13'),(6,'media//Old Movies// [AUTOPLAY] A Star Is Born.mp4','2014-12-17 00:37:15'),(6,'media//Old Movies/// [AUTOPLAY] The Inspector General.mp4','2014-12-17 00:37:29'),(6,'media//Old Movies/// [AUTOPLAY] The Inspector General.mp4','2014-12-17 00:37:29'),(6,'media//Old Movies/// [AUTOPLAY] The Inspector General.mp4','2014-12-17 00:37:30'),(6,'media/','2014-12-17 00:37:36'),(6,'media//Photos/','2014-12-17 00:37:38'),(6,'media//Photos// [AUTOPLAY] Puppies And Kittens.kanvar','2014-12-17 00:37:39'),(6,'media/','2014-12-17 00:37:48'),(6,'media/','2014-12-17 00:38:05'),(6,'media/ [AUTOPLAY] //Family Messages/Your Grandson.mp4','2014-12-17 00:38:10'),(6,'media/','2014-12-17 00:38:12'),(6,'media/ [AUTOPLAY] //Old Movies/The Last Time I Saw Paris.mp4','2014-12-17 00:38:12'),(6,'media/','2014-12-17 00:38:15'),(6,'media/ [AUTOPLAY] //Music/Frank Sinatra.mp3','2014-12-17 00:38:15'),(6,'media/','2014-12-17 00:38:16'),(6,'media/ [AUTOPLAY] //Music/The Beatles.mp3','2014-12-17 00:38:16'),(6,'media/','2014-12-17 00:38:19'),(6,'media/ [AUTOPLAY] //Old Movies/The Wizard Of Oz.mp4','2014-12-17 00:38:19'),(6,'media/','2014-12-17 00:38:21'),(6,'media/ [AUTOPLAY] //Old Movies/A Star Is Born.mp4','2014-12-17 00:38:21'),(6,'media/','2014-12-17 00:38:28'),(6,'media/ [AUTOPLAY] //Music/ABBA.mp3','2014-12-17 00:38:33'),(6,'media/','2014-12-17 00:38:34'),(6,'media/ [AUTOPLAY] //Music/Dean Martin.mp3','2014-12-17 00:38:34'),(6,'media/','2014-12-17 00:38:37'),(6,'media/ [AUTOPLAY] //Music/Elvis Presley.mp3','2014-12-17 00:38:37'),(6,'media/','2014-12-17 00:38:38'),(6,'media/ [AUTOPLAY] //Music/Frank Sinatra.mp3','2014-12-17 00:38:41'),(6,'media/','2014-12-17 00:38:47'),(6,'media/ [AUTOPLAY] //Photos/Puppies And Kittens.kanvar','2014-12-17 00:38:48'),(6,'media/','2014-12-17 00:38:50'),(6,'media/ [AUTOPLAY] //Family Messages/Your Grandson.mp4','2014-12-17 00:38:51'),(6,'media/','2014-12-17 00:38:52'),(6,'media/ [AUTOPLAY] //Old Movies/The Inspector General.mp4','2014-12-17 00:38:52'),(6,'media/','2014-12-17 00:38:53'),(6,'media/ [AUTOPLAY] //Photos/Puppies And Kittens.kanvar','2014-12-17 00:38:53'),(6,'media/','2014-12-17 00:42:14'),(6,'media//Family Messages/','2014-12-17 00:42:17'),(6,'media/','2014-12-17 00:42:24'),(6,'media/ [AUTOPLAY] //Family Messages/Your Grandson.mp4','2014-12-17 00:42:29'),(6,'media/','2014-12-17 00:42:46'),(6,'media/','2014-12-17 00:55:56'),(6,'media/','2014-12-17 08:12:02'),(6,'media//Music/','2014-12-17 08:12:23'),(6,'media/','2014-12-17 08:12:28'),(6,'media/','2014-12-17 08:12:36'),(6,'media/','2014-12-17 08:12:40'),(6,'media/ [AUTOPLAY] //Music/The Beatles.mp3','2014-12-17 08:12:41'),(6,'media/','2014-12-17 14:34:41'),(6,'media/ [AUTOPLAY] //Family Messages/Your Grandson.mp4','2014-12-17 14:34:42'),(6,'media/','2014-12-17 14:34:44'),(6,'media/ [AUTOPLAY] //Old Movies/The Last Time I Saw Paris.mp4','2014-12-17 14:34:44'),(6,'media/','2014-12-17 14:34:45'),(6,'media/ [AUTOPLAY] //Old Movies/The Wizard Of Oz.mp4','2014-12-17 14:34:45'),(6,'media/','2014-12-17 14:34:46'),(6,'media/ [AUTOPLAY] //Old Movies/A Star Is Born.mp4','2014-12-17 14:34:47'),(6,'media/','2014-12-17 14:34:50'),(6,'media/ [AUTOPLAY] //Photos/Puppies And Kittens.kanvar','2014-12-17 14:34:50'),(6,'media/','2014-12-17 14:34:52'),(6,'media/ [AUTOPLAY] //Family Messages/Your Grandson.mp4','2014-12-17 14:34:52'),(6,'media/','2014-12-17 14:34:53'),(6,'media/ [AUTOPLAY] //Music/ABBA.mp3','2014-12-17 14:35:08'),(6,'media/','2014-12-17 14:35:11'),(6,'media/ [AUTOPLAY] //Music/Dean Martin.mp3','2014-12-17 14:35:11'),(6,'media/','2014-12-17 14:35:13'),(6,'media/ [AUTOPLAY] //Music/Elvis Presley.mp3','2014-12-17 14:35:13'),(6,'media/','2014-12-17 14:35:14'),(6,'media/ [AUTOPLAY] //Photos/Puppies And Kittens.kanvar','2014-12-17 14:35:14'),(6,'media/','2014-12-17 14:35:15'),(6,'media/ [AUTOPLAY] //Family Messages/Your Grandson.mp4','2014-12-17 14:35:16'),(6,'media/','2014-12-17 14:35:18'),(6,'media/ [AUTOPLAY] //Old Movies/The Inspector General.mp4','2014-12-17 14:35:18'),(6,'media/','2014-12-17 14:35:19'),(6,'media/ [AUTOPLAY] //Old Movies/The Last Time I Saw Paris.mp4','2014-12-17 14:35:24'),(6,'media/','2014-12-17 14:35:27'),(6,'media/ [AUTOPLAY] //Music/Frank Sinatra.mp3','2014-12-17 14:35:27'),(6,'media/','2014-12-17 14:35:28'),(6,'media/ [AUTOPLAY] //Family Messages/Your Grandson.mp4','2014-12-17 14:35:44'),(6,'media/','2014-12-17 14:35:46'),(6,'media/ [AUTOPLAY] //Music/The Beatles.mp3','2014-12-17 14:35:46'),(6,'media/','2014-12-17 14:35:47'),(6,'media/ [AUTOPLAY] //Photos/Puppies And Kittens.kanvar','2014-12-17 14:35:47'),(6,'media/','2014-12-17 14:35:47'),(6,'media/ [AUTOPLAY] //Music/ABBA.mp3','2014-12-17 14:35:47'),(6,'media/','2014-12-17 14:35:48'),(6,'media/ [AUTOPLAY] //Photos/Puppies And Kittens.kanvar','2014-12-17 14:35:48'),(6,'media/','2014-12-17 14:35:49'),(6,'media/ [AUTOPLAY] //Old Movies/The Wizard Of Oz.mp4','2014-12-17 14:35:59'),(6,'media/','2014-12-17 14:36:02'),(6,'media/ [AUTOPLAY] //Old Movies/A Star Is Born.mp4','2014-12-17 14:36:02'),(6,'media/','2014-12-17 14:36:02'),(6,'media/ [AUTOPLAY] //Music/Dean Martin.mp3','2014-12-17 14:36:03'),(6,'media/','2014-12-17 14:36:03'),(6,'media/ [AUTOPLAY] //Photos/Puppies And Kittens.kanvar','2014-12-17 14:36:03'),(6,'media/','2014-12-17 14:36:03'),(6,'media/ [AUTOPLAY] //Old Movies/The Inspector General.mp4','2014-12-17 14:36:04'),(6,'media/','2014-12-17 14:36:04'),(6,'media/ [AUTOPLAY] //Music/Elvis Presley.mp3','2014-12-17 14:36:04'),(6,'media/','2014-12-17 14:36:05'),(6,'media/ [AUTOPLAY] //Old Movies/The Last Time I Saw Paris.mp4','2014-12-17 14:36:05'),(6,'media/','2014-12-17 14:36:06'),(6,'media/ [AUTOPLAY] //Family Messages/Your Grandson.mp4','2014-12-17 14:36:06'),(6,'media/','2014-12-17 14:36:06'),(6,'media/ [AUTOPLAY] //Music/Frank Sinatra.mp3','2014-12-17 14:36:07'),(6,'media/','2014-12-17 14:36:07'),(6,'media/ [AUTOPLAY] //Family Messages/Your Grandson.mp4','2014-12-17 14:36:08'),(6,'media/','2014-12-17 14:36:08'),(6,'media/ [AUTOPLAY] //Music/The Beatles.mp3','2014-12-17 14:36:08'),(6,'media/','2014-12-17 14:36:08'),(6,'media/ [AUTOPLAY] //Music/ABBA.mp3','2014-12-17 14:36:08'),(6,'media/','2014-12-17 14:36:09'),(6,'media/ [AUTOPLAY] //Music/Dean Martin.mp3','2014-12-17 14:36:09'),(6,'media/','2014-12-17 14:36:09'),(6,'media/ [AUTOPLAY] //Family Messages/Your Grandson.mp4','2014-12-17 14:36:09'),(6,'media/','2014-12-17 14:36:10'),(6,'media/ [AUTOPLAY] //Family Messages/Your Grandson.mp4','2014-12-17 14:36:10'),(6,'media/','2014-12-17 14:36:10'),(6,'media/ [AUTOPLAY] //Music/Elvis Presley.mp3','2014-12-17 14:36:11'),(6,'media/','2014-12-17 14:36:11'),(6,'media/ [AUTOPLAY] //Music/Frank Sinatra.mp3','2014-12-17 14:36:11'),(6,'media/','2014-12-17 14:36:12'),(6,'media/ [AUTOPLAY] //Music/The Beatles.mp3','2014-12-17 14:36:12'),(6,'media/','2014-12-17 14:36:13'),(6,'media/ [AUTOPLAY] //Photos/Puppies And Kittens.kanvar','2014-12-17 14:36:13'),(6,'media/','2014-12-17 14:36:13'),(6,'media/ [AUTOPLAY] //Photos/Puppies And Kittens.kanvar','2014-12-17 14:36:14'),(6,'media/','2014-12-17 14:36:15'),(6,'media/ [AUTOPLAY] //Photos/Puppies And Kittens.kanvar','2014-12-17 14:36:15'),(6,'media/','2014-12-17 14:36:16'),(6,'media/ [AUTOPLAY] //Photos/Puppies And Kittens.kanvar','2014-12-17 14:36:16'),(6,'media/','2014-12-17 14:36:16'),(6,'media/ [AUTOPLAY] //Music/ABBA.mp3','2014-12-17 14:36:17'),(6,'media/','2014-12-17 14:36:18'),(6,'media/ [AUTOPLAY] //Old Movies/The Wizard Of Oz.mp4','2014-12-17 14:36:19'),(6,'media/','2014-12-17 14:36:20'),(6,'media/ [AUTOPLAY] //Old Movies/A Star Is Born.mp4','2014-12-17 14:36:20'),(6,'media/','2014-12-17 14:36:20'),(6,'media/ [AUTOPLAY] //Photos/Puppies And Kittens.kanvar','2014-12-17 14:36:21'),(6,'media/','2014-12-17 14:36:22'),(6,'media/ [AUTOPLAY] //Old Movies/The Inspector General.mp4','2014-12-17 14:36:22'),(6,'media/','2014-12-17 14:36:23'),(6,'media/ [AUTOPLAY] //Photos/Puppies And Kittens.kanvar','2014-12-17 14:36:23'),(6,'media/','2014-12-17 14:36:25'),(6,'media/ [AUTOPLAY] //Music/Dean Martin.mp3','2014-12-17 14:36:25'),(6,'media/','2014-12-17 14:36:26'),(6,'media/ [AUTOPLAY] //Family Messages/Your Grandson.mp4','2014-12-17 14:36:27'),(6,'media/','2014-12-17 14:36:28'),(6,'media/ [AUTOPLAY] //Photos/Puppies And Kittens.kanvar','2014-12-17 14:36:28'),(6,'media/','2014-12-17 14:36:29'),(6,'media/ [AUTOPLAY] //Family Messages/Your Grandson.mp4','2014-12-17 14:36:29'),(6,'media/','2014-12-17 14:36:31'),(6,'media/ [AUTOPLAY] //Photos/Puppies And Kittens.kanvar','2014-12-17 14:36:31'),(6,'media/','2014-12-17 14:36:32'),(6,'media/ [AUTOPLAY] //Music/Elvis Presley.mp3','2014-12-17 14:36:37'),(6,'media/','2014-12-17 14:39:54'),(6,'media/','2014-12-17 14:39:54'),(6,'media/','2014-12-17 14:41:58'),(6,'media/ [AUTOPLAY] //Family Messages/Your Grandson.mp4','2014-12-17 14:42:03'),(6,'media/','2014-12-17 14:42:05'),(6,'media/ [AUTOPLAY] //Music/Frank Sinatra.mp3','2014-12-17 14:42:08'),(6,'media/','2014-12-17 14:42:10'),(6,'media/','2014-12-17 14:43:22'),(6,'media/','2014-12-17 14:44:52'),(6,'media/','2014-12-17 14:45:49'),(6,'media/','2014-12-17 14:48:42'),(6,'media/ [AUTOPLAY] //Music/The Beatles.mp3','2014-12-17 14:49:04'),(6,'media/','2014-12-17 14:49:08'),(6,'media/ [AUTOPLAY] //Old Movies/The Last Time I Saw Paris.mp4','2014-12-17 14:49:12'),(6,'media/','2014-12-17 14:49:17'),(6,'media/','2014-12-17 14:53:58'),(6,'media/ [AUTOPLAY] //Old Movies/The Wizard Of Oz.mp4','2014-12-17 14:54:18'),(6,'media/','2014-12-17 14:54:22'),(6,'media/ [AUTOPLAY] //Family Messages/Your Grandson.mp4','2014-12-17 14:54:32'),(6,'media/','2014-12-17 14:54:36'),(6,'media/ [AUTOPLAY] //Family Messages/Your Grandson.mp4','2014-12-17 14:55:01'),(6,'media/','2014-12-17 14:55:08'),(6,'media/ [AUTOPLAY] //Photos/Puppies And Kittens.kanvar','2014-12-17 14:55:18'),(6,'media/','2014-12-17 14:55:21'),(6,'media/ [AUTOPLAY] //Music/ABBA.mp3','2014-12-17 14:55:36'),(6,'media/','2014-12-17 14:55:38'),(6,'media/','2014-12-17 15:00:51'),(6,'media/ [AUTOPLAY] //Family Messages/Your Grandson.mp4','2014-12-17 15:02:07'),(6,'media/','2014-12-17 15:02:12'),(6,'media/ [AUTOPLAY] //Family Messages/Your Grandson.mp4','2014-12-17 15:03:22'),(6,'media/','2014-12-17 15:03:26'),(6,'media/','2014-12-17 15:17:47'),(6,'media/ [AUTOPLAY] //Photos/Puppies And Kittens.kanvar','2014-12-17 15:19:03'),(6,'media/','2014-12-17 15:19:19'),(6,'media/ [AUTOPLAY] //Family Messages/Your Grandson.mp4','2014-12-17 15:20:24'),(6,'media/','2014-12-17 15:20:41'),(6,'media/ [AUTOPLAY] //Family Messages/Your Grandson.mp4','2014-12-17 15:21:41'),(6,'media/','2014-12-17 15:21:57'),(6,'media/ [AUTOPLAY] //Family Messages/Your Grandson.mp4','2014-12-17 15:22:58'),(6,'media/','2014-12-17 15:23:14'),(6,'media/ [AUTOPLAY] //Old Movies/A Star Is Born.mp4','2014-12-17 15:24:14'),(6,'media/','2014-12-18 01:13:16'),(6,'media/ [AUTOPLAY] //Music/Dean Martin.mp3','2014-12-18 01:15:07'),(6,'media/','2014-12-18 01:15:13'),(6,'media/ [AUTOPLAY] //Family Messages/Your Grandson.mp4','2014-12-18 01:17:13'),(6,'media/','2014-12-18 01:17:29'),(6,'media/ [AUTOPLAY] //Family Messages/Your Grandson.mp4','2014-12-18 01:19:15'),(6,'media/','2014-12-18 01:19:31'),(6,'media/ [AUTOPLAY] //Music/Elvis Presley.mp3','2014-12-18 01:21:11'),(6,'media/','2014-12-18 01:22:29'),(6,'media/ [AUTOPLAY] //Family Messages/Your Grandson.mp4','2014-12-18 01:23:35'),(6,'media/','2014-12-18 01:23:51'),(6,'media/','2014-12-18 01:40:40'),(6,'media/ [AUTOPLAY] //Family Messages/Your Grandson.mp4','2014-12-18 01:41:57'),(6,'media/','2014-12-18 01:42:13'),(6,'media/ [AUTOPLAY] //Family Messages/Your Grandson.mp4','2014-12-18 01:44:03'),(6,'media/','2014-12-18 01:44:20'),(6,'media/ [AUTOPLAY] //Family Messages/Your Grandson.mp4','2014-12-18 01:45:50'),(6,'media/','2014-12-18 01:46:06'),(6,'media/','2014-12-18 02:06:51'),(6,'media/','2014-12-18 02:09:00'),(6,'media/ [AUTOPLAY] //Photos/Puppies And Kittens.kanvar','2014-12-18 02:09:34'),(6,'media/','2014-12-18 02:09:41'),(6,'media/ [AUTOPLAY] //Music/Frank Sinatra.mp3','2014-12-18 02:10:09'),(6,'media/','2014-12-18 02:10:11'),(6,'media/ [AUTOPLAY] //Old Movies/The Inspector General.mp4','2014-12-18 02:10:43'),(6,'media/','2014-12-18 02:10:48'),(6,'media/','2014-12-18 02:12:02'),(6,'media/','2014-12-18 02:15:10'),(6,'media/ [AUTOPLAY] //Family Messages/Your Grandson.mp4','2014-12-18 02:15:23'),(6,'media/','2014-12-18 02:15:40'),(6,'media/ [AUTOPLAY] //Music/The Beatles.mp3','2014-12-18 02:20:35'),(6,'media/','2014-12-18 02:20:44'),(6,'media/ [AUTOPLAY] //Family Messages/Your Grandson.mp4','2014-12-18 02:22:19'),(6,'media/','2014-12-18 02:22:35'),(6,'media/ [AUTOPLAY] //Family Messages/Your Grandson.mp4','2014-12-18 02:23:35'),(6,'media/','2014-12-18 02:23:52'),(6,'media/ [AUTOPLAY] //Photos/Puppies And Kittens.kanvar','2014-12-18 02:24:52'),(6,'media/ [AUTOPLAY] //Photos/Puppies And Kittens.kanvar','2014-12-18 02:52:11'),(6,'media/','2014-12-18 02:54:54'),(6,'media/ [AUTOPLAY] //Music/ABBA.mp3','2014-12-18 02:56:29'),(6,'media/','2014-12-18 03:00:39'),(6,'media/ [AUTOPLAY] //Family Messages/Your Grandson.mp4','2014-12-18 03:15:39'),(6,'media/','2014-12-18 03:15:56'),(6,'media/ [AUTOPLAY] //Music/Dean Martin.mp3','2014-12-18 03:30:56'),(6,'media///Music/ [AUTOPLAY] ABBA.mp3','2014-12-18 06:12:26'),(6,'media/','2014-12-18 06:12:36'),(6,'media/ [AUTOPLAY] //Music/Elvis Presley.mp3','2014-12-18 06:13:42'),(6,'media/','2014-12-18 08:16:26'),(6,'media/ [AUTOPLAY] //Old Movies/The Last Time I Saw Paris.mp4','2014-12-18 08:17:26'),(6,'media/','2014-12-18 08:52:56'),(6,'media/ [AUTOPLAY] //Family Messages/Your Grandson.mp4','2014-12-18 08:54:12'),(6,'media/','2014-12-18 08:54:28'),(6,'media/ [AUTOPLAY] //Music/Frank Sinatra.mp3','2014-12-18 08:55:29'),(6,'media/','2014-12-18 09:18:23'),(6,'media/ [AUTOPLAY] //Old Movies/The Wizard Of Oz.mp4','2014-12-18 09:21:19'),(6,'media/','2014-12-18 09:21:32'),(6,'media/ [AUTOPLAY] //Family Messages/Your Grandson.mp4','2014-12-18 09:23:27'),(6,'media/','2014-12-18 09:23:43'),(6,'media/ [AUTOPLAY] //Family Messages/Your Grandson.mp4','2014-12-18 09:25:09'),(6,'media/','2014-12-18 09:25:25'),(6,'media/ [AUTOPLAY] //Old Movies/A Star Is Born.mp4','2014-12-18 09:40:25'),(6,'media/','2014-12-18 13:42:34'),(6,'media/','2014-12-21 06:42:49'),(6,'media/ [AUTOPLAY] //Photos/Puppies And Kittens.kanvar','2014-12-21 06:43:54'),(6,'media/','2014-12-21 06:48:25'),(6,'media/ [AUTOPLAY] //Old Movies/The Inspector General.mp4','2014-12-21 06:49:36'),(6,'media/','2014-12-21 06:49:43'),(6,'media/ [AUTOPLAY] //Old Movies/The Last Time I Saw Paris.mp4','2014-12-21 06:50:48'),(6,'media/','2014-12-21 06:51:51'),(6,'media//Photos/','2014-12-21 06:51:55'),(6,'media//Photos// [AUTOPLAY] Puppies And Kittens.kanvar','2014-12-21 06:51:58'),(6,'media/','2014-12-21 06:52:32'),(6,'media/ [AUTOPLAY] //Old Movies/The Wizard Of Oz.mp4','2014-12-21 06:53:47'),(6,'media/','2014-12-21 07:00:09'),(6,'media/','2014-12-21 07:00:36'),(6,'media/ [AUTOPLAY] //Old Movies/A Star Is Born.mp4','2014-12-21 07:00:59'),(6,'media/ [AUTOPLAY] //Music/The Beatles.mp3','2014-12-21 07:01:29'),(6,'media/ [AUTOPLAY] //Music/ABBA.mp3','2014-12-21 07:01:30'),(6,'media/','2014-12-21 07:01:38'),(6,'media/','2014-12-21 07:01:48'),(6,'media//Music/','2014-12-21 07:02:02'),(6,'media//Music// [AUTOPLAY] Elvis Presley.mp3','2014-12-21 07:02:14'),(6,'media/ [AUTOPLAY] //Family Messages/Your Grandson.mp4','2014-12-21 07:02:48'),(6,'media/','2014-12-21 07:02:51'),(6,'media/','2014-12-21 08:18:23'),(6,'media/ [AUTOPLAY] //Music/Dean Martin.mp3','2014-12-21 08:19:33'),(6,'media/','2014-12-21 08:21:34'),(6,'media/ [AUTOPLAY] //Old Movies/The Inspector General.mp4','2014-12-21 08:22:39'),(6,'media/','2014-12-21 08:35:58'),(6,'media/','2014-12-21 08:35:59'),(6,'media/','2014-12-21 08:35:59'),(6,'media/ [AUTOPLAY] //Photos/Puppies And Kittens.kanvar','2014-12-21 08:37:38'),(6,'media/','2014-12-21 09:08:11'),(6,'media/ [AUTOPLAY] //Family Messages/Your Grandson.mp4','2014-12-21 09:09:24'),(6,'media/','2014-12-21 09:09:41'),(6,'media/ [AUTOPLAY] //Old Movies/The Last Time I Saw Paris.mp4','2014-12-21 09:10:45'),(6,'media/','2014-12-21 09:34:25'),(6,'media/ [AUTOPLAY] //Family Messages/Your Grandson.mp4','2014-12-21 09:35:51'),(6,'media/','2014-12-21 09:36:07'),(6,'media/ [AUTOPLAY] //Photos/Puppies And Kittens.kanvar','2014-12-21 09:37:07'),(6,'media/','2014-12-21 09:37:20'),(6,'media/ [AUTOPLAY] //Old Movies/The Wizard Of Oz.mp4','2014-12-21 09:38:56'),(6,'media/','2014-12-21 09:43:12'),(6,'media/ [AUTOPLAY] //Music/Elvis Presley.mp3','2014-12-21 09:44:19'),(6,'media/','2014-12-21 09:57:21'),(6,'media/ [AUTOPLAY] //Music/Frank Sinatra.mp3','2014-12-21 09:59:02'),(6,'media/','2014-12-21 09:59:11'),(6,'media/','2014-12-21 10:01:37'),(6,'media/ [AUTOPLAY] //Photos/Puppies And Kittens.kanvar','2014-12-21 10:02:38'),(6,'media/','2014-12-21 10:14:15'),(6,'media/ [AUTOPLAY] //Music/The Beatles.mp3','2014-12-21 10:15:43'),(6,'media/','2014-12-21 10:43:04'),(6,'media/','2014-12-21 11:49:37'),(6,'media/ [AUTOPLAY] //Music/ABBA.mp3','2014-12-21 11:50:39'),(6,'media/','2014-12-21 11:50:43'),(6,'media/','2014-12-21 11:56:53'),(6,'media/ [AUTOPLAY] //Music/Dean Martin.mp3','2014-12-21 11:58:19'),(6,'media/','2014-12-21 12:06:50'),(6,'media/','2014-12-21 12:29:01'),(3,'media/','2014-12-21 12:43:52'),(3,'media/ [AUTOPLAY] //Photos/Puppies And Kittens.kanvar','2014-12-21 12:45:08'),(3,'media/','2014-12-21 13:05:43'),(3,'media/ [AUTOPLAY] //Music/Elvis Presley.mp3','2014-12-21 13:08:43'),(3,'media/','2014-12-21 14:03:50'),(3,'media/ [AUTOPLAY] //Old Movies/A Star Is Born.mp4','2014-12-21 14:06:06'),(3,'media/','2014-12-21 14:28:16'),(3,'media/ [AUTOPLAY] //Music/Frank Sinatra.mp3','2014-12-21 14:30:42'),(3,'media/','2014-12-21 14:58:15'),(3,'media/ [AUTOPLAY] //Old Movies/The Inspector General.mp4','2014-12-21 14:59:50'),(3,'media/','2014-12-21 15:00:45'),(3,'media/ [AUTOPLAY] //Old Movies/The Last Time I Saw Paris.mp4','2014-12-21 15:01:45'),(3,'media/','2014-12-21 21:00:00'),(3,'media/ [AUTOPLAY] //Family Messages/Your Grandson.mp4','2014-12-21 21:15:00'),(3,'media/ [AUTOPLAY] //Family Messages/Your Grandson.mp4','2014-12-21 21:15:19'),(3,'media/ [AUTOPLAY] //Family Messages/Your Grandson.mp4','2014-12-21 21:15:37'),(3,'media/ [AUTOPLAY] //Family Messages/Your Grandson.mp4','2014-12-21 21:15:56'),(3,'media/ [AUTOPLAY] //Family Messages/Your Grandson.mp4','2014-12-21 21:16:15'),(3,'media/ [AUTOPLAY] //Family Messages/Your Grandson.mp4','2014-12-21 21:16:33'),(3,'media/ [AUTOPLAY] //Family Messages/Your Grandson.mp4','2014-12-21 21:16:51'),(3,'media/ [AUTOPLAY] //Family Messages/Your Grandson.mp4','2014-12-21 21:17:10'),(3,'media/ [AUTOPLAY] //Family Messages/Your Grandson.mp4','2014-12-21 21:17:28'),(3,'media/ [AUTOPLAY] //Family Messages/Your Grandson.mp4','2014-12-21 21:17:47'),(3,'media/ [AUTOPLAY] //Family Messages/Your Grandson.mp4','2014-12-21 21:18:05'),(3,'media/ [AUTOPLAY] //Family Messages/Your Grandson.mp4','2014-12-21 21:18:24'),(3,'media/ [AUTOPLAY] //Family Messages/Your Grandson.mp4','2014-12-21 21:18:42'),(3,'media/ [AUTOPLAY] //Family Messages/Your Grandson.mp4','2014-12-21 21:19:01'),(3,'media/ [AUTOPLAY] //Family Messages/Your Grandson.mp4','2014-12-21 21:19:19'),(3,'media/ [AUTOPLAY] //Family Messages/Your Grandson.mp4','2014-12-21 21:19:38'),(3,'media/ [AUTOPLAY] //Family Messages/Your Grandson.mp4','2014-12-21 21:19:57'),(3,'media/ [AUTOPLAY] //Family Messages/Your Grandson.mp4','2014-12-21 21:20:15'),(3,'media/ [AUTOPLAY] //Family Messages/Your Grandson.mp4','2014-12-21 21:20:34'),(3,'media/ [AUTOPLAY] //Family Messages/Your Grandson.mp4','2014-12-21 21:20:52'),(3,'media/ [AUTOPLAY] //Family Messages/Your Grandson.mp4','2014-12-21 21:21:11'),(3,'media/ [AUTOPLAY] //Family Messages/Your Grandson.mp4','2014-12-21 21:21:30'),(3,'media/ [AUTOPLAY] //Family Messages/Your Grandson.mp4','2014-12-21 21:21:48'),(3,'media/ [AUTOPLAY] //Family Messages/Your Grandson.mp4','2014-12-21 21:22:07'),(3,'media/ [AUTOPLAY] //Family Messages/Your Grandson.mp4','2014-12-21 21:22:25'),(3,'media/ [AUTOPLAY] //Family Messages/Your Grandson.mp4','2014-12-21 21:22:44'),(3,'media/ [AUTOPLAY] //Family Messages/Your Grandson.mp4','2014-12-21 21:23:02'),(3,'media/ [AUTOPLAY] //Family Messages/Your Grandson.mp4','2014-12-21 21:23:21'),(3,'media/ [AUTOPLAY] //Family Messages/Your Grandson.mp4','2014-12-21 21:23:39'),(3,'media/ [AUTOPLAY] //Family Messages/Your Grandson.mp4','2014-12-21 21:23:58'),(3,'media/ [AUTOPLAY] //Family Messages/Your Grandson.mp4','2014-12-21 21:24:16'),(3,'media/ [AUTOPLAY] //Family Messages/Your Grandson.mp4','2014-12-21 21:24:35'),(3,'media/ [AUTOPLAY] //Family Messages/Your Grandson.mp4','2014-12-21 21:24:53'),(3,'media/ [AUTOPLAY] //Family Messages/Your Grandson.mp4','2014-12-21 21:25:12'),(3,'media/ [AUTOPLAY] //Family Messages/Your Grandson.mp4','2014-12-21 21:25:30'),(3,'media/ [AUTOPLAY] //Family Messages/Your Grandson.mp4','2014-12-21 21:25:49'),(3,'media/ [AUTOPLAY] //Family Messages/Your Grandson.mp4','2014-12-21 21:26:07'),(3,'media/ [AUTOPLAY] //Family Messages/Your Grandson.mp4','2014-12-21 21:26:26'),(3,'media/ [AUTOPLAY] //Family Messages/Your Grandson.mp4','2014-12-21 21:26:44'),(3,'media/ [AUTOPLAY] //Family Messages/Your Grandson.mp4','2014-12-21 21:27:03'),(3,'media/ [AUTOPLAY] //Family Messages/Your Grandson.mp4','2014-12-21 21:27:21'),(3,'media/ [AUTOPLAY] //Family Messages/Your Grandson.mp4','2014-12-21 21:27:40'),(3,'media/ [AUTOPLAY] //Family Messages/Your Grandson.mp4','2014-12-21 21:27:58'),(3,'media/ [AUTOPLAY] //Family Messages/Your Grandson.mp4','2014-12-21 21:28:17'),(3,'media/ [AUTOPLAY] //Family Messages/Your Grandson.mp4','2014-12-21 21:28:36'),(3,'media/ [AUTOPLAY] //Family Messages/Your Grandson.mp4','2014-12-21 21:28:54'),(3,'media/ [AUTOPLAY] //Family Messages/Your Grandson.mp4','2014-12-21 21:29:13'),(3,'media/ [AUTOPLAY] //Family Messages/Your Grandson.mp4','2014-12-21 21:29:31'),(3,'media/ [AUTOPLAY] //Family Messages/Your Grandson.mp4','2014-12-21 21:29:50'),(3,'media/ [AUTOPLAY] //Family Messages/Your Grandson.mp4','2014-12-21 21:30:08'),(3,'media/ [AUTOPLAY] //Family Messages/Your Grandson.mp4','2014-12-21 21:30:27'),(3,'media/ [AUTOPLAY] //Family Messages/Your Grandson.mp4','2014-12-21 21:30:45'),(3,'media/ [AUTOPLAY] //Family Messages/Your Grandson.mp4','2014-12-21 21:31:04'),(3,'media/ [AUTOPLAY] //Family Messages/Your Grandson.mp4','2014-12-21 21:31:22'),(3,'media/ [AUTOPLAY] //Family Messages/Your Grandson.mp4','2014-12-21 21:31:41'),(3,'media/ [AUTOPLAY] //Family Messages/Your Grandson.mp4','2014-12-21 21:31:59'),(3,'media/ [AUTOPLAY] //Family Messages/Your Grandson.mp4','2014-12-21 21:32:18'),(3,'media/ [AUTOPLAY] //Family Messages/Your Grandson.mp4','2014-12-21 21:32:36'),(3,'media/ [AUTOPLAY] //Family Messages/Your Grandson.mp4','2014-12-21 21:32:55'),(3,'media/ [AUTOPLAY] //Family Messages/Your Grandson.mp4','2014-12-21 21:33:13'),(3,'media/ [AUTOPLAY] //Family Messages/Your Grandson.mp4','2014-12-21 21:33:32'),(3,'media/ [AUTOPLAY] //Family Messages/Your Grandson.mp4','2014-12-21 21:33:50'),(3,'media/ [AUTOPLAY] //Family Messages/Your Grandson.mp4','2014-12-21 21:34:09'),(3,'media/ [AUTOPLAY] //Family Messages/Your Grandson.mp4','2014-12-21 21:34:27'),(3,'media/ [AUTOPLAY] //Family Messages/Your Grandson.mp4','2014-12-21 21:34:46'),(3,'media/ [AUTOPLAY] //Family Messages/Your Grandson.mp4','2014-12-21 21:35:04'),(3,'media/ [AUTOPLAY] //Family Messages/Your Grandson.mp4','2014-12-21 21:35:23'),(3,'media/ [AUTOPLAY] //Family Messages/Your Grandson.mp4','2014-12-21 21:35:41'),(3,'media/ [AUTOPLAY] //Family Messages/Your Grandson.mp4','2014-12-21 21:36:00'),(3,'media/ [AUTOPLAY] //Family Messages/Your Grandson.mp4','2014-12-21 21:36:18'),(3,'media/ [AUTOPLAY] //Family Messages/Your Grandson.mp4','2014-12-21 21:36:37'),(3,'media/ [AUTOPLAY] //Family Messages/Your Grandson.mp4','2014-12-21 21:36:55'),(3,'media/ [AUTOPLAY] //Family Messages/Your Grandson.mp4','2014-12-21 21:37:14'),(3,'media/ [AUTOPLAY] //Family Messages/Your Grandson.mp4','2014-12-21 21:37:32'),(3,'media/ [AUTOPLAY] //Family Messages/Your Grandson.mp4','2014-12-21 21:37:50'),(3,'media/ [AUTOPLAY] //Family Messages/Your Grandson.mp4','2014-12-21 21:38:09'),(3,'media/ [AUTOPLAY] //Family Messages/Your Grandson.mp4','2014-12-21 21:38:28'),(3,'media/ [AUTOPLAY] //Family Messages/Your Grandson.mp4','2014-12-21 21:38:46'),(3,'media/ [AUTOPLAY] //Family Messages/Your Grandson.mp4','2014-12-21 21:39:04'),(3,'media/ [AUTOPLAY] //Family Messages/Your Grandson.mp4','2014-12-21 21:39:23'),(3,'media/ [AUTOPLAY] //Family Messages/Your Grandson.mp4','2014-12-21 21:39:41'),(3,'media/ [AUTOPLAY] //Family Messages/Your Grandson.mp4','2014-12-21 21:40:00'),(3,'media/ [AUTOPLAY] //Family Messages/Your Grandson.mp4','2014-12-21 21:40:18'),(3,'media/ [AUTOPLAY] //Family Messages/Your Grandson.mp4','2014-12-21 21:40:37'),(3,'media/ [AUTOPLAY] //Family Messages/Your Grandson.mp4','2014-12-21 21:40:55'),(3,'media/ [AUTOPLAY] //Family Messages/Your Grandson.mp4','2014-12-21 21:41:14'),(3,'media/ [AUTOPLAY] //Family Messages/Your Grandson.mp4','2014-12-21 21:41:32'),(3,'media/ [AUTOPLAY] //Family Messages/Your Grandson.mp4','2014-12-21 21:41:51'),(3,'media/ [AUTOPLAY] //Family Messages/Your Grandson.mp4','2014-12-21 21:42:09'),(3,'media/ [AUTOPLAY] //Family Messages/Your Grandson.mp4','2014-12-21 21:42:28'),(3,'media/ [AUTOPLAY] //Family Messages/Your Grandson.mp4','2014-12-21 21:42:46'),(3,'media/ [AUTOPLAY] //Family Messages/Your Grandson.mp4','2014-12-21 21:43:05'),(3,'media/ [AUTOPLAY] //Family Messages/Your Grandson.mp4','2014-12-21 21:43:23'),(3,'media/ [AUTOPLAY] //Family Messages/Your Grandson.mp4','2014-12-21 21:43:42'),(3,'media/ [AUTOPLAY] //Family Messages/Your Grandson.mp4','2014-12-21 21:44:00'),(3,'media/ [AUTOPLAY] //Family Messages/Your Grandson.mp4','2014-12-21 21:44:19'),(3,'media/ [AUTOPLAY] //Family Messages/Your Grandson.mp4','2014-12-21 21:44:37'),(3,'media/ [AUTOPLAY] //Family Messages/Your Grandson.mp4','2014-12-21 21:44:55'),(3,'media/ [AUTOPLAY] //Family Messages/Your Grandson.mp4','2014-12-21 21:45:14'),(3,'media/ [AUTOPLAY] //Family Messages/Your Grandson.mp4','2014-12-21 21:45:32'),(3,'media/ [AUTOPLAY] //Family Messages/Your Grandson.mp4','2014-12-21 21:45:51'),(3,'media/ [AUTOPLAY] //Family Messages/Your Grandson.mp4','2014-12-21 21:46:09'),(3,'media/ [AUTOPLAY] //Family Messages/Your Grandson.mp4','2014-12-21 21:46:28'),(3,'media/ [AUTOPLAY] //Family Messages/Your Grandson.mp4','2014-12-21 21:46:46'),(3,'media/ [AUTOPLAY] //Family Messages/Your Grandson.mp4','2014-12-21 21:47:05'),(3,'media/ [AUTOPLAY] //Family Messages/Your Grandson.mp4','2014-12-21 21:47:23'),(3,'media/ [AUTOPLAY] //Family Messages/Your Grandson.mp4','2014-12-21 21:47:42'),(3,'media/ [AUTOPLAY] //Family Messages/Your Grandson.mp4','2014-12-21 21:48:00'),(3,'media/ [AUTOPLAY] //Family Messages/Your Grandson.mp4','2014-12-21 21:48:19'),(3,'media/ [AUTOPLAY] //Family Messages/Your Grandson.mp4','2014-12-21 21:48:37'),(3,'media/ [AUTOPLAY] //Family Messages/Your Grandson.mp4','2014-12-21 21:48:56'),(3,'media/ [AUTOPLAY] //Family Messages/Your Grandson.mp4','2014-12-21 21:49:14'),(3,'media/ [AUTOPLAY] //Family Messages/Your Grandson.mp4','2014-12-21 21:49:33'),(3,'media/ [AUTOPLAY] //Family Messages/Your Grandson.mp4','2014-12-21 21:49:51'),(3,'media/ [AUTOPLAY] //Family Messages/Your Grandson.mp4','2014-12-21 21:50:10'),(3,'media/ [AUTOPLAY] //Family Messages/Your Grandson.mp4','2014-12-21 21:50:28'),(3,'media/ [AUTOPLAY] //Family Messages/Your Grandson.mp4','2014-12-21 21:50:47'),(3,'media/ [AUTOPLAY] //Family Messages/Your Grandson.mp4','2014-12-21 21:51:05'),(3,'media/ [AUTOPLAY] //Family Messages/Your Grandson.mp4','2014-12-21 21:51:23'),(3,'media/ [AUTOPLAY] //Family Messages/Your Grandson.mp4','2014-12-21 21:51:42'),(3,'media/ [AUTOPLAY] //Family Messages/Your Grandson.mp4','2014-12-21 21:52:00'),(3,'media/ [AUTOPLAY] //Family Messages/Your Grandson.mp4','2014-12-21 21:52:19'),(3,'media/ [AUTOPLAY] //Family Messages/Your Grandson.mp4','2014-12-21 21:52:37'),(3,'media/ [AUTOPLAY] //Family Messages/Your Grandson.mp4','2014-12-21 21:52:56'),(3,'media/ [AUTOPLAY] //Family Messages/Your Grandson.mp4','2014-12-21 21:53:14'),(3,'media/ [AUTOPLAY] //Family Messages/Your Grandson.mp4','2014-12-21 21:53:33'),(3,'media/ [AUTOPLAY] //Family Messages/Your Grandson.mp4','2014-12-21 21:53:51'),(3,'media/ [AUTOPLAY] //Family Messages/Your Grandson.mp4','2014-12-21 21:54:10'),(3,'media/ [AUTOPLAY] //Family Messages/Your Grandson.mp4','2014-12-21 21:54:28'),(3,'media/ [AUTOPLAY] //Family Messages/Your Grandson.mp4','2014-12-21 21:54:47'),(3,'media/ [AUTOPLAY] //Family Messages/Your Grandson.mp4','2014-12-21 21:55:05'),(3,'media/ [AUTOPLAY] //Family Messages/Your Grandson.mp4','2014-12-21 21:55:24'),(3,'media/ [AUTOPLAY] //Family Messages/Your Grandson.mp4','2014-12-21 21:55:42'),(3,'media/ [AUTOPLAY] //Family Messages/Your Grandson.mp4','2014-12-21 21:56:01'),(3,'media/ [AUTOPLAY] //Family Messages/Your Grandson.mp4','2014-12-21 21:56:19'),(3,'media/ [AUTOPLAY] //Family Messages/Your Grandson.mp4','2014-12-21 21:56:38'),(3,'media/ [AUTOPLAY] //Family Messages/Your Grandson.mp4','2014-12-21 21:56:56'),(3,'media/ [AUTOPLAY] //Family Messages/Your Grandson.mp4','2014-12-21 21:57:15'),(3,'media/ [AUTOPLAY] //Family Messages/Your Grandson.mp4','2014-12-21 21:57:33'),(3,'media/ [AUTOPLAY] //Family Messages/Your Grandson.mp4','2014-12-21 21:57:52'),(3,'media/ [AUTOPLAY] //Family Messages/Your Grandson.mp4','2014-12-21 21:58:10'),(3,'media/ [AUTOPLAY] //Family Messages/Your Grandson.mp4','2014-12-21 21:58:29'),(3,'media/ [AUTOPLAY] //Family Messages/Your Grandson.mp4','2014-12-21 21:58:47'),(3,'media/ [AUTOPLAY] //Family Messages/Your Grandson.mp4','2014-12-21 21:59:06'),(3,'media/ [AUTOPLAY] //Family Messages/Your Grandson.mp4','2014-12-21 21:59:24'),(3,'media/ [AUTOPLAY] //Family Messages/Your Grandson.mp4','2014-12-21 21:59:43'),(3,'media/ [AUTOPLAY] //Family Messages/Your Grandson.mp4','2014-12-21 22:00:01'),(3,'media/ [AUTOPLAY] //Family Messages/Your Grandson.mp4','2014-12-21 22:00:19'),(3,'media/ [AUTOPLAY] //Family Messages/Your Grandson.mp4','2014-12-21 22:00:38'),(3,'media/ [AUTOPLAY] //Family Messages/Your Grandson.mp4','2014-12-21 22:00:56'),(3,'media/ [AUTOPLAY] //Family Messages/Your Grandson.mp4','2014-12-21 22:01:15'),(3,'media/ [AUTOPLAY] //Family Messages/Your Grandson.mp4','2014-12-21 22:01:33'),(3,'media/ [AUTOPLAY] //Family Messages/Your Grandson.mp4','2014-12-21 22:01:52'),(3,'media/ [AUTOPLAY] //Family Messages/Your Grandson.mp4','2014-12-21 22:02:11'),(3,'media/ [AUTOPLAY] //Family Messages/Your Grandson.mp4','2014-12-21 22:02:29'),(3,'media/ [AUTOPLAY] //Family Messages/Your Grandson.mp4','2014-12-21 22:02:48'),(3,'media/ [AUTOPLAY] //Family Messages/Your Grandson.mp4','2014-12-21 22:03:06'),(3,'media/ [AUTOPLAY] //Family Messages/Your Grandson.mp4','2014-12-21 22:03:25'),(3,'media/ [AUTOPLAY] //Family Messages/Your Grandson.mp4','2014-12-21 22:03:43'),(3,'media/ [AUTOPLAY] //Family Messages/Your Grandson.mp4','2014-12-21 22:04:01'),(3,'media/ [AUTOPLAY] //Family Messages/Your Grandson.mp4','2014-12-21 22:04:20'),(3,'media/ [AUTOPLAY] //Family Messages/Your Grandson.mp4','2014-12-21 22:04:39'),(3,'media/ [AUTOPLAY] //Family Messages/Your Grandson.mp4','2014-12-21 22:04:57'),(3,'media/ [AUTOPLAY] //Family Messages/Your Grandson.mp4','2014-12-21 22:05:16'),(3,'media/ [AUTOPLAY] //Family Messages/Your Grandson.mp4','2014-12-21 22:05:34'),(3,'media/ [AUTOPLAY] //Family Messages/Your Grandson.mp4','2014-12-21 22:05:52'),(3,'media/ [AUTOPLAY] //Family Messages/Your Grandson.mp4','2014-12-21 22:06:11'),(3,'media/ [AUTOPLAY] //Family Messages/Your Grandson.mp4','2014-12-21 22:06:29'),(3,'media/ [AUTOPLAY] //Family Messages/Your Grandson.mp4','2014-12-21 22:06:48'),(3,'media/ [AUTOPLAY] //Family Messages/Your Grandson.mp4','2014-12-21 22:07:06'),(3,'media/ [AUTOPLAY] //Family Messages/Your Grandson.mp4','2014-12-21 22:07:25'),(3,'media/ [AUTOPLAY] //Family Messages/Your Grandson.mp4','2014-12-21 22:07:43'),(3,'media/ [AUTOPLAY] //Family Messages/Your Grandson.mp4','2014-12-21 22:08:02'),(3,'media/ [AUTOPLAY] //Family Messages/Your Grandson.mp4','2014-12-21 22:08:20'),(3,'media/ [AUTOPLAY] //Family Messages/Your Grandson.mp4','2014-12-21 22:08:38'),(3,'media/ [AUTOPLAY] //Family Messages/Your Grandson.mp4','2014-12-21 22:08:57'),(3,'media/ [AUTOPLAY] //Family Messages/Your Grandson.mp4','2014-12-21 22:09:16'),(3,'media/ [AUTOPLAY] //Family Messages/Your Grandson.mp4','2014-12-21 22:09:34'),(3,'media/ [AUTOPLAY] //Family Messages/Your Grandson.mp4','2014-12-21 22:09:53'),(3,'media/ [AUTOPLAY] //Family Messages/Your Grandson.mp4','2014-12-21 22:10:11'),(3,'media/ [AUTOPLAY] //Family Messages/Your Grandson.mp4','2014-12-21 22:10:30'),(3,'media/ [AUTOPLAY] //Family Messages/Your Grandson.mp4','2014-12-21 22:10:48'),(3,'media/ [AUTOPLAY] //Family Messages/Your Grandson.mp4','2014-12-21 22:11:07'),(3,'media/ [AUTOPLAY] //Family Messages/Your Grandson.mp4','2014-12-21 22:11:25'),(3,'media/ [AUTOPLAY] //Family Messages/Your Grandson.mp4','2014-12-21 22:11:44'),(3,'media/ [AUTOPLAY] //Family Messages/Your Grandson.mp4','2014-12-21 22:12:03'),(3,'media/ [AUTOPLAY] //Family Messages/Your Grandson.mp4','2014-12-21 22:12:21'),(3,'media/ [AUTOPLAY] //Family Messages/Your Grandson.mp4','2014-12-21 22:12:40'),(3,'media/ [AUTOPLAY] //Family Messages/Your Grandson.mp4','2014-12-21 22:12:58'),(3,'media/ [AUTOPLAY] //Family Messages/Your Grandson.mp4','2014-12-21 22:13:16'),(3,'media/ [AUTOPLAY] //Family Messages/Your Grandson.mp4','2014-12-21 22:13:35'),(3,'media/ [AUTOPLAY] //Family Messages/Your Grandson.mp4','2014-12-21 22:13:53'),(3,'media/ [AUTOPLAY] //Family Messages/Your Grandson.mp4','2014-12-21 22:14:12'),(3,'media/ [AUTOPLAY] //Family Messages/Your Grandson.mp4','2014-12-21 22:14:30'),(3,'media/ [AUTOPLAY] //Family Messages/Your Grandson.mp4','2014-12-21 22:14:49'),(3,'media/ [AUTOPLAY] //Family Messages/Your Grandson.mp4','2014-12-21 22:15:08'),(3,'media/ [AUTOPLAY] //Family Messages/Your Grandson.mp4','2014-12-21 22:15:26'),(3,'media/ [AUTOPLAY] //Family Messages/Your Grandson.mp4','2014-12-21 22:15:45'),(3,'media/ [AUTOPLAY] //Family Messages/Your Grandson.mp4','2014-12-21 22:16:03'),(3,'media/ [AUTOPLAY] //Family Messages/Your Grandson.mp4','2014-12-21 22:16:22'),(3,'media/ [AUTOPLAY] //Family Messages/Your Grandson.mp4','2014-12-21 22:16:40'),(3,'media/ [AUTOPLAY] //Family Messages/Your Grandson.mp4','2014-12-21 22:16:59'),(3,'media/ [AUTOPLAY] //Family Messages/Your Grandson.mp4','2014-12-21 22:17:17'),(3,'media/ [AUTOPLAY] //Family Messages/Your Grandson.mp4','2014-12-21 22:17:36'),(3,'media/ [AUTOPLAY] //Family Messages/Your Grandson.mp4','2014-12-21 22:17:54'),(3,'media/ [AUTOPLAY] //Family Messages/Your Grandson.mp4','2014-12-21 22:18:13'),(3,'media/ [AUTOPLAY] //Family Messages/Your Grandson.mp4','2014-12-21 22:18:32'),(3,'media/ [AUTOPLAY] //Family Messages/Your Grandson.mp4','2014-12-21 22:18:50'),(3,'media/ [AUTOPLAY] //Family Messages/Your Grandson.mp4','2014-12-21 22:19:09'),(3,'media/ [AUTOPLAY] //Family Messages/Your Grandson.mp4','2014-12-21 22:19:27'),(3,'media/ [AUTOPLAY] //Family Messages/Your Grandson.mp4','2014-12-21 22:19:46'),(3,'media/ [AUTOPLAY] //Family Messages/Your Grandson.mp4','2014-12-21 22:20:04'),(3,'media/ [AUTOPLAY] //Family Messages/Your Grandson.mp4','2014-12-21 22:20:23'),(3,'media/ [AUTOPLAY] //Family Messages/Your Grandson.mp4','2014-12-21 22:20:41'),(3,'media/ [AUTOPLAY] //Family Messages/Your Grandson.mp4','2014-12-21 22:21:00'),(3,'media/ [AUTOPLAY] //Family Messages/Your Grandson.mp4','2014-12-21 22:21:18'),(3,'media/ [AUTOPLAY] //Family Messages/Your Grandson.mp4','2014-12-21 22:21:36'),(3,'media/ [AUTOPLAY] //Family Messages/Your Grandson.mp4','2014-12-21 22:21:55'),(3,'media/ [AUTOPLAY] //Family Messages/Your Grandson.mp4','2014-12-21 22:22:13'),(3,'media/ [AUTOPLAY] //Family Messages/Your Grandson.mp4','2014-12-21 22:22:32'),(3,'media/ [AUTOPLAY] //Family Messages/Your Grandson.mp4','2014-12-21 22:22:50'),(3,'media/ [AUTOPLAY] //Family Messages/Your Grandson.mp4','2014-12-21 22:23:09'),(3,'media/ [AUTOPLAY] //Family Messages/Your Grandson.mp4','2014-12-21 22:23:27'),(3,'media/ [AUTOPLAY] //Family Messages/Your Grandson.mp4','2014-12-21 22:23:46'),(3,'media/ [AUTOPLAY] //Family Messages/Your Grandson.mp4','2014-12-21 22:24:04'),(3,'media/ [AUTOPLAY] //Family Messages/Your Grandson.mp4','2014-12-21 22:24:23'),(3,'media/ [AUTOPLAY] //Family Messages/Your Grandson.mp4','2014-12-21 22:24:41'),(3,'media/ [AUTOPLAY] //Family Messages/Your Grandson.mp4','2014-12-21 22:24:59'),(3,'media/ [AUTOPLAY] //Family Messages/Your Grandson.mp4','2014-12-21 22:25:18'),(3,'media/ [AUTOPLAY] //Family Messages/Your Grandson.mp4','2014-12-21 22:25:36'),(3,'media/ [AUTOPLAY] //Family Messages/Your Grandson.mp4','2014-12-21 22:25:55'),(3,'media/ [AUTOPLAY] //Family Messages/Your Grandson.mp4','2014-12-21 22:26:13'),(3,'media/ [AUTOPLAY] //Family Messages/Your Grandson.mp4','2014-12-21 22:26:32'),(3,'media/ [AUTOPLAY] //Family Messages/Your Grandson.mp4','2014-12-21 22:26:50'),(3,'media/ [AUTOPLAY] //Family Messages/Your Grandson.mp4','2014-12-21 22:27:09'),(3,'media/ [AUTOPLAY] //Family Messages/Your Grandson.mp4','2014-12-21 22:27:27'),(3,'media/ [AUTOPLAY] //Family Messages/Your Grandson.mp4','2014-12-21 22:27:46'),(3,'media/ [AUTOPLAY] //Family Messages/Your Grandson.mp4','2014-12-21 22:28:04'),(3,'media/ [AUTOPLAY] //Family Messages/Your Grandson.mp4','2014-12-21 22:28:23'),(3,'media/ [AUTOPLAY] //Family Messages/Your Grandson.mp4','2014-12-21 22:28:42'),(3,'media/ [AUTOPLAY] //Family Messages/Your Grandson.mp4','2014-12-21 22:29:00'),(3,'media/ [AUTOPLAY] //Family Messages/Your Grandson.mp4','2014-12-21 22:29:19'),(3,'media/ [AUTOPLAY] //Family Messages/Your Grandson.mp4','2014-12-21 22:29:37'),(3,'media/ [AUTOPLAY] //Family Messages/Your Grandson.mp4','2014-12-21 22:29:55'),(3,'media/ [AUTOPLAY] //Family Messages/Your Grandson.mp4','2014-12-21 22:30:14'),(3,'media/ [AUTOPLAY] //Family Messages/Your Grandson.mp4','2014-12-21 22:30:32'),(3,'media/ [AUTOPLAY] //Family Messages/Your Grandson.mp4','2014-12-21 22:30:51'),(3,'media/ [AUTOPLAY] //Family Messages/Your Grandson.mp4','2014-12-21 22:31:09'),(3,'media/ [AUTOPLAY] //Family Messages/Your Grandson.mp4','2014-12-21 22:31:28'),(3,'media/ [AUTOPLAY] //Family Messages/Your Grandson.mp4','2014-12-21 22:31:46'),(3,'media/ [AUTOPLAY] //Family Messages/Your Grandson.mp4','2014-12-21 22:32:04'),(3,'media/ [AUTOPLAY] //Family Messages/Your Grandson.mp4','2014-12-21 22:32:23'),(3,'media/ [AUTOPLAY] //Family Messages/Your Grandson.mp4','2014-12-21 22:32:41'),(3,'media/ [AUTOPLAY] //Family Messages/Your Grandson.mp4','2014-12-21 22:33:00'),(3,'media/ [AUTOPLAY] //Family Messages/Your Grandson.mp4','2014-12-21 22:33:18'),(3,'media/ [AUTOPLAY] //Family Messages/Your Grandson.mp4','2014-12-21 22:33:37'),(3,'media/ [AUTOPLAY] //Family Messages/Your Grandson.mp4','2014-12-21 22:33:56'),(3,'media/ [AUTOPLAY] //Family Messages/Your Grandson.mp4','2014-12-21 22:34:14'),(3,'media/ [AUTOPLAY] //Family Messages/Your Grandson.mp4','2014-12-21 22:34:33'),(3,'media/ [AUTOPLAY] //Family Messages/Your Grandson.mp4','2014-12-21 22:34:51'),(3,'media/ [AUTOPLAY] //Family Messages/Your Grandson.mp4','2014-12-21 22:35:10'),(3,'media/ [AUTOPLAY] //Family Messages/Your Grandson.mp4','2014-12-21 22:35:28'),(3,'media/ [AUTOPLAY] //Family Messages/Your Grandson.mp4','2014-12-21 22:35:47'),(3,'media/ [AUTOPLAY] //Family Messages/Your Grandson.mp4','2014-12-21 22:36:05'),(3,'media/ [AUTOPLAY] //Family Messages/Your Grandson.mp4','2014-12-21 22:36:24'),(3,'media/ [AUTOPLAY] //Family Messages/Your Grandson.mp4','2014-12-21 22:36:42'),(3,'media/ [AUTOPLAY] //Family Messages/Your Grandson.mp4','2014-12-21 22:37:00'),(3,'media/ [AUTOPLAY] //Family Messages/Your Grandson.mp4','2014-12-21 22:37:19'),(3,'media/ [AUTOPLAY] //Family Messages/Your Grandson.mp4','2014-12-21 22:37:37'),(3,'media/ [AUTOPLAY] //Family Messages/Your Grandson.mp4','2014-12-21 22:37:56'),(3,'media/ [AUTOPLAY] //Family Messages/Your Grandson.mp4','2014-12-21 22:38:14'),(3,'media/ [AUTOPLAY] //Family Messages/Your Grandson.mp4','2014-12-21 22:38:33'),(3,'media/ [AUTOPLAY] //Family Messages/Your Grandson.mp4','2014-12-21 22:38:51'),(3,'media/ [AUTOPLAY] //Family Messages/Your Grandson.mp4','2014-12-21 22:39:10'),(3,'media/ [AUTOPLAY] //Family Messages/Your Grandson.mp4','2014-12-21 22:39:28'),(3,'media/ [AUTOPLAY] //Family Messages/Your Grandson.mp4','2014-12-21 22:39:47'),(3,'media/ [AUTOPLAY] //Family Messages/Your Grandson.mp4','2014-12-21 22:40:05'),(3,'media/ [AUTOPLAY] //Family Messages/Your Grandson.mp4','2014-12-21 22:40:24'),(3,'media/ [AUTOPLAY] //Family Messages/Your Grandson.mp4','2014-12-21 22:40:42'),(3,'media/ [AUTOPLAY] //Family Messages/Your Grandson.mp4','2014-12-21 22:41:01'),(3,'media/ [AUTOPLAY] //Family Messages/Your Grandson.mp4','2014-12-21 22:41:20'),(3,'media/ [AUTOPLAY] //Family Messages/Your Grandson.mp4','2014-12-21 22:41:38'),(3,'media/ [AUTOPLAY] //Family Messages/Your Grandson.mp4','2014-12-21 22:41:56'),(3,'media/ [AUTOPLAY] //Family Messages/Your Grandson.mp4','2014-12-21 22:42:15'),(3,'media/ [AUTOPLAY] //Family Messages/Your Grandson.mp4','2014-12-21 22:42:33'),(3,'media/ [AUTOPLAY] //Family Messages/Your Grandson.mp4','2014-12-21 22:42:52'),(3,'media/ [AUTOPLAY] //Family Messages/Your Grandson.mp4','2014-12-21 22:43:11'),(3,'media/ [AUTOPLAY] //Family Messages/Your Grandson.mp4','2014-12-21 22:43:29'),(3,'media/ [AUTOPLAY] //Family Messages/Your Grandson.mp4','2014-12-21 22:43:47'),(3,'media/ [AUTOPLAY] //Family Messages/Your Grandson.mp4','2014-12-21 22:44:06'),(3,'media/ [AUTOPLAY] //Family Messages/Your Grandson.mp4','2014-12-21 22:44:24'),(3,'media/ [AUTOPLAY] //Family Messages/Your Grandson.mp4','2014-12-21 22:44:43'),(3,'media/ [AUTOPLAY] //Family Messages/Your Grandson.mp4','2014-12-21 22:45:01'),(3,'media/ [AUTOPLAY] //Family Messages/Your Grandson.mp4','2014-12-21 22:45:20'),(3,'media/ [AUTOPLAY] //Family Messages/Your Grandson.mp4','2014-12-21 22:45:38'),(3,'media/ [AUTOPLAY] //Family Messages/Your Grandson.mp4','2014-12-21 22:45:57'),(3,'media/ [AUTOPLAY] //Family Messages/Your Grandson.mp4','2014-12-21 22:46:15'),(3,'media/ [AUTOPLAY] //Family Messages/Your Grandson.mp4','2014-12-21 22:46:33'),(3,'media/ [AUTOPLAY] //Family Messages/Your Grandson.mp4','2014-12-21 22:46:52'),(3,'media/ [AUTOPLAY] //Family Messages/Your Grandson.mp4','2014-12-21 22:47:11'),(3,'media/ [AUTOPLAY] //Family Messages/Your Grandson.mp4','2014-12-21 22:47:29'),(3,'media/ [AUTOPLAY] //Family Messages/Your Grandson.mp4','2014-12-21 22:47:47'),(3,'media/ [AUTOPLAY] //Family Messages/Your Grandson.mp4','2014-12-21 22:48:06'),(3,'media/ [AUTOPLAY] //Family Messages/Your Grandson.mp4','2014-12-21 22:48:24'),(3,'media/ [AUTOPLAY] //Family Messages/Your Grandson.mp4','2014-12-21 22:48:43'),(3,'media/ [AUTOPLAY] //Family Messages/Your Grandson.mp4','2014-12-21 22:49:01'),(3,'media/ [AUTOPLAY] //Family Messages/Your Grandson.mp4','2014-12-21 22:49:20'),(3,'media/ [AUTOPLAY] //Family Messages/Your Grandson.mp4','2014-12-21 22:49:38'),(3,'media/ [AUTOPLAY] //Family Messages/Your Grandson.mp4','2014-12-21 22:49:57'),(3,'media/ [AUTOPLAY] //Family Messages/Your Grandson.mp4','2014-12-21 22:50:16'),(3,'media/ [AUTOPLAY] //Family Messages/Your Grandson.mp4','2014-12-21 22:50:34'),(3,'media/ [AUTOPLAY] //Family Messages/Your Grandson.mp4','2014-12-21 22:50:53'),(3,'media/ [AUTOPLAY] //Family Messages/Your Grandson.mp4','2014-12-21 22:51:11'),(3,'media/ [AUTOPLAY] //Family Messages/Your Grandson.mp4','2014-12-21 22:51:29'),(3,'media/ [AUTOPLAY] //Family Messages/Your Grandson.mp4','2014-12-21 22:51:48'),(3,'media/ [AUTOPLAY] //Family Messages/Your Grandson.mp4','2014-12-21 22:52:07'),(3,'media/ [AUTOPLAY] //Family Messages/Your Grandson.mp4','2014-12-21 22:52:25'),(3,'media/ [AUTOPLAY] //Family Messages/Your Grandson.mp4','2014-12-21 22:52:44'),(3,'media/ [AUTOPLAY] //Family Messages/Your Grandson.mp4','2014-12-21 22:53:03'),(3,'media/ [AUTOPLAY] //Family Messages/Your Grandson.mp4','2014-12-21 22:53:21'),(3,'media/ [AUTOPLAY] //Family Messages/Your Grandson.mp4','2014-12-21 22:53:40'),(3,'media/ [AUTOPLAY] //Family Messages/Your Grandson.mp4','2014-12-21 22:53:58'),(3,'media/ [AUTOPLAY] //Family Messages/Your Grandson.mp4','2014-12-21 22:54:17'),(3,'media/ [AUTOPLAY] //Family Messages/Your Grandson.mp4','2014-12-21 22:54:35'),(3,'media/ [AUTOPLAY] //Family Messages/Your Grandson.mp4','2014-12-21 22:54:54'),(3,'media/ [AUTOPLAY] //Family Messages/Your Grandson.mp4','2014-12-21 22:55:12'),(3,'media/ [AUTOPLAY] //Family Messages/Your Grandson.mp4','2014-12-21 22:55:31'),(3,'media/ [AUTOPLAY] //Family Messages/Your Grandson.mp4','2014-12-21 22:55:49'),(3,'media/ [AUTOPLAY] //Family Messages/Your Grandson.mp4','2014-12-21 22:56:08'),(3,'media/ [AUTOPLAY] //Family Messages/Your Grandson.mp4','2014-12-21 22:56:26'),(3,'media/ [AUTOPLAY] //Family Messages/Your Grandson.mp4','2014-12-21 22:56:45'),(3,'media/ [AUTOPLAY] //Family Messages/Your Grandson.mp4','2014-12-21 22:57:03'),(3,'media/ [AUTOPLAY] //Family Messages/Your Grandson.mp4','2014-12-21 22:57:22'),(3,'media/ [AUTOPLAY] //Family Messages/Your Grandson.mp4','2014-12-21 22:57:40'),(3,'media/ [AUTOPLAY] //Family Messages/Your Grandson.mp4','2014-12-21 22:57:59'),(3,'media/ [AUTOPLAY] //Family Messages/Your Grandson.mp4','2014-12-21 22:58:17'),(3,'media/ [AUTOPLAY] //Family Messages/Your Grandson.mp4','2014-12-21 22:58:36'),(3,'media/ [AUTOPLAY] //Family Messages/Your Grandson.mp4','2014-12-21 22:58:54'),(3,'media/ [AUTOPLAY] //Family Messages/Your Grandson.mp4','2014-12-21 22:59:13'),(3,'media/ [AUTOPLAY] //Family Messages/Your Grandson.mp4','2014-12-21 22:59:31'),(3,'media/ [AUTOPLAY] //Family Messages/Your Grandson.mp4','2014-12-21 22:59:50'),(3,'media/ [AUTOPLAY] //Family Messages/Your Grandson.mp4','2014-12-21 23:00:08'),(3,'media/ [AUTOPLAY] //Family Messages/Your Grandson.mp4','2014-12-21 23:00:27'),(3,'media/ [AUTOPLAY] //Family Messages/Your Grandson.mp4','2014-12-21 23:00:45'),(3,'media/ [AUTOPLAY] //Family Messages/Your Grandson.mp4','2014-12-21 23:01:04'),(3,'media/ [AUTOPLAY] //Family Messages/Your Grandson.mp4','2014-12-21 23:01:22'),(3,'media/ [AUTOPLAY] //Family Messages/Your Grandson.mp4','2014-12-21 23:01:41'),(3,'media/ [AUTOPLAY] //Family Messages/Your Grandson.mp4','2014-12-21 23:01:59'),(3,'media/ [AUTOPLAY] //Family Messages/Your Grandson.mp4','2014-12-21 23:02:18'),(3,'media/ [AUTOPLAY] //Family Messages/Your Grandson.mp4','2014-12-21 23:02:36'),(3,'media/ [AUTOPLAY] //Family Messages/Your Grandson.mp4','2014-12-21 23:02:55'),(3,'media/ [AUTOPLAY] //Family Messages/Your Grandson.mp4','2014-12-21 23:03:14'),(3,'media/ [AUTOPLAY] //Family Messages/Your Grandson.mp4','2014-12-21 23:03:32'),(3,'media/ [AUTOPLAY] //Family Messages/Your Grandson.mp4','2014-12-21 23:03:51'),(3,'media/ [AUTOPLAY] //Family Messages/Your Grandson.mp4','2014-12-21 23:04:09'),(3,'media/ [AUTOPLAY] //Family Messages/Your Grandson.mp4','2014-12-21 23:04:27'),(3,'media/ [AUTOPLAY] //Family Messages/Your Grandson.mp4','2014-12-21 23:04:46'),(3,'media/ [AUTOPLAY] //Family Messages/Your Grandson.mp4','2014-12-21 23:05:04'),(3,'media/ [AUTOPLAY] //Family Messages/Your Grandson.mp4','2014-12-21 23:05:23'),(3,'media/ [AUTOPLAY] //Family Messages/Your Grandson.mp4','2014-12-21 23:05:41'),(3,'media/ [AUTOPLAY] //Family Messages/Your Grandson.mp4','2014-12-21 23:06:00'),(3,'media/ [AUTOPLAY] //Family Messages/Your Grandson.mp4','2014-12-21 23:06:18'),(3,'media/ [AUTOPLAY] //Family Messages/Your Grandson.mp4','2014-12-21 23:06:37'),(3,'media/ [AUTOPLAY] //Family Messages/Your Grandson.mp4','2014-12-21 23:06:55'),(3,'media/ [AUTOPLAY] //Family Messages/Your Grandson.mp4','2014-12-21 23:07:14'),(3,'media/ [AUTOPLAY] //Family Messages/Your Grandson.mp4','2014-12-21 23:07:32'),(3,'media/ [AUTOPLAY] //Family Messages/Your Grandson.mp4','2014-12-21 23:07:51'),(3,'media/ [AUTOPLAY] //Family Messages/Your Grandson.mp4','2014-12-21 23:08:09'),(3,'media/ [AUTOPLAY] //Family Messages/Your Grandson.mp4','2014-12-21 23:08:28'),(3,'media/ [AUTOPLAY] //Family Messages/Your Grandson.mp4','2014-12-21 23:08:46'),(3,'media/ [AUTOPLAY] //Family Messages/Your Grandson.mp4','2014-12-21 23:09:05'),(3,'media/ [AUTOPLAY] //Family Messages/Your Grandson.mp4','2014-12-21 23:09:23'),(3,'media/ [AUTOPLAY] //Family Messages/Your Grandson.mp4','2014-12-21 23:09:41'),(3,'media/ [AUTOPLAY] //Family Messages/Your Grandson.mp4','2014-12-21 23:10:00'),(3,'media/ [AUTOPLAY] //Family Messages/Your Grandson.mp4','2014-12-21 23:10:18'),(3,'media/ [AUTOPLAY] //Family Messages/Your Grandson.mp4','2014-12-21 23:10:37'),(3,'media/ [AUTOPLAY] //Family Messages/Your Grandson.mp4','2014-12-21 23:10:55'),(3,'media/ [AUTOPLAY] //Family Messages/Your Grandson.mp4','2014-12-21 23:11:14'),(3,'media/ [AUTOPLAY] //Family Messages/Your Grandson.mp4','2014-12-21 23:11:32'),(3,'media/ [AUTOPLAY] //Family Messages/Your Grandson.mp4','2014-12-21 23:11:51'),(3,'media/ [AUTOPLAY] //Family Messages/Your Grandson.mp4','2014-12-21 23:12:09'),(3,'media/ [AUTOPLAY] //Family Messages/Your Grandson.mp4','2014-12-21 23:12:28'),(3,'media/ [AUTOPLAY] //Family Messages/Your Grandson.mp4','2014-12-21 23:12:46'),(3,'media/ [AUTOPLAY] //Family Messages/Your Grandson.mp4','2014-12-21 23:13:05'),(3,'media/ [AUTOPLAY] //Family Messages/Your Grandson.mp4','2014-12-21 23:13:23'),(3,'media/ [AUTOPLAY] //Family Messages/Your Grandson.mp4','2014-12-21 23:13:42'),(3,'media/ [AUTOPLAY] //Family Messages/Your Grandson.mp4','2014-12-21 23:14:00'),(3,'media/ [AUTOPLAY] //Family Messages/Your Grandson.mp4','2014-12-21 23:14:19'),(3,'media/ [AUTOPLAY] //Family Messages/Your Grandson.mp4','2014-12-21 23:14:37'),(3,'media/ [AUTOPLAY] //Family Messages/Your Grandson.mp4','2014-12-21 23:14:56'),(3,'media/ [AUTOPLAY] //Family Messages/Your Grandson.mp4','2014-12-21 23:15:14'),(3,'media/ [AUTOPLAY] //Family Messages/Your Grandson.mp4','2014-12-21 23:15:32'),(3,'media/ [AUTOPLAY] //Family Messages/Your Grandson.mp4','2014-12-21 23:15:51'),(3,'media/ [AUTOPLAY] //Family Messages/Your Grandson.mp4','2014-12-21 23:16:09'),(3,'media/ [AUTOPLAY] //Family Messages/Your Grandson.mp4','2014-12-21 23:16:28'),(3,'media/ [AUTOPLAY] //Family Messages/Your Grandson.mp4','2014-12-21 23:16:46'),(3,'media/ [AUTOPLAY] //Family Messages/Your Grandson.mp4','2014-12-21 23:17:05'),(3,'media/ [AUTOPLAY] //Family Messages/Your Grandson.mp4','2014-12-21 23:17:23'),(3,'media/ [AUTOPLAY] //Family Messages/Your Grandson.mp4','2014-12-21 23:17:42'),(3,'media/ [AUTOPLAY] //Family Messages/Your Grandson.mp4','2014-12-21 23:18:00'),(3,'media/ [AUTOPLAY] //Family Messages/Your Grandson.mp4','2014-12-21 23:18:19'),(3,'media/ [AUTOPLAY] //Family Messages/Your Grandson.mp4','2014-12-21 23:18:37'),(3,'media/ [AUTOPLAY] //Family Messages/Your Grandson.mp4','2014-12-21 23:18:55'),(3,'media/ [AUTOPLAY] //Family Messages/Your Grandson.mp4','2014-12-21 23:19:14'),(3,'media/ [AUTOPLAY] //Family Messages/Your Grandson.mp4','2014-12-21 23:19:32'),(3,'media/ [AUTOPLAY] //Family Messages/Your Grandson.mp4','2014-12-21 23:19:51'),(3,'media/ [AUTOPLAY] //Family Messages/Your Grandson.mp4','2014-12-21 23:20:09'),(3,'media/ [AUTOPLAY] //Family Messages/Your Grandson.mp4','2014-12-21 23:20:28'),(3,'media/ [AUTOPLAY] //Family Messages/Your Grandson.mp4','2014-12-21 23:20:46'),(3,'media/ [AUTOPLAY] //Family Messages/Your Grandson.mp4','2014-12-21 23:21:05'),(3,'media/ [AUTOPLAY] //Family Messages/Your Grandson.mp4','2014-12-21 23:21:23'),(3,'media/ [AUTOPLAY] //Family Messages/Your Grandson.mp4','2014-12-21 23:21:42'),(3,'media/ [AUTOPLAY] //Family Messages/Your Grandson.mp4','2014-12-21 23:22:00'),(3,'media/ [AUTOPLAY] //Family Messages/Your Grandson.mp4','2014-12-21 23:22:18'),(3,'media/ [AUTOPLAY] //Family Messages/Your Grandson.mp4','2014-12-21 23:22:37'),(3,'media/ [AUTOPLAY] //Family Messages/Your Grandson.mp4','2014-12-21 23:22:55'),(3,'media/ [AUTOPLAY] //Family Messages/Your Grandson.mp4','2014-12-21 23:23:14'),(3,'media/ [AUTOPLAY] //Family Messages/Your Grandson.mp4','2014-12-21 23:23:32'),(3,'media/ [AUTOPLAY] //Family Messages/Your Grandson.mp4','2014-12-21 23:23:51'),(3,'media/ [AUTOPLAY] //Family Messages/Your Grandson.mp4','2014-12-21 23:24:09'),(3,'media/ [AUTOPLAY] //Family Messages/Your Grandson.mp4','2014-12-21 23:24:28'),(3,'media/ [AUTOPLAY] //Family Messages/Your Grandson.mp4','2014-12-21 23:24:46'),(3,'media/ [AUTOPLAY] //Family Messages/Your Grandson.mp4','2014-12-21 23:25:05'),(3,'media/ [AUTOPLAY] //Family Messages/Your Grandson.mp4','2014-12-21 23:25:23'),(3,'media/ [AUTOPLAY] //Family Messages/Your Grandson.mp4','2014-12-21 23:25:42'),(3,'media/ [AUTOPLAY] //Family Messages/Your Grandson.mp4','2014-12-21 23:26:00'),(3,'media/ [AUTOPLAY] //Family Messages/Your Grandson.mp4','2014-12-21 23:26:18'),(3,'media/ [AUTOPLAY] //Family Messages/Your Grandson.mp4','2014-12-21 23:26:37'),(3,'media/ [AUTOPLAY] //Family Messages/Your Grandson.mp4','2014-12-21 23:26:56'),(3,'media/ [AUTOPLAY] //Family Messages/Your Grandson.mp4','2014-12-21 23:27:14'),(3,'media/ [AUTOPLAY] //Family Messages/Your Grandson.mp4','2014-12-21 23:27:33'),(3,'media/ [AUTOPLAY] //Family Messages/Your Grandson.mp4','2014-12-21 23:27:51'),(3,'media/ [AUTOPLAY] //Family Messages/Your Grandson.mp4','2014-12-21 23:28:10'),(3,'media/ [AUTOPLAY] //Family Messages/Your Grandson.mp4','2014-12-21 23:28:28'),(3,'media/ [AUTOPLAY] //Family Messages/Your Grandson.mp4','2014-12-21 23:28:47'),(3,'media/ [AUTOPLAY] //Family Messages/Your Grandson.mp4','2014-12-21 23:29:06'),(3,'media/ [AUTOPLAY] //Family Messages/Your Grandson.mp4','2014-12-21 23:29:24'),(3,'media/ [AUTOPLAY] //Family Messages/Your Grandson.mp4','2014-12-21 23:29:43'),(3,'media/ [AUTOPLAY] //Family Messages/Your Grandson.mp4','2014-12-21 23:30:01'),(3,'media/ [AUTOPLAY] //Family Messages/Your Grandson.mp4','2014-12-21 23:30:19'),(3,'media/ [AUTOPLAY] //Family Messages/Your Grandson.mp4','2014-12-21 23:30:38'),(3,'media/ [AUTOPLAY] //Family Messages/Your Grandson.mp4','2014-12-21 23:30:56'),(3,'media/ [AUTOPLAY] //Family Messages/Your Grandson.mp4','2014-12-21 23:31:15'),(3,'media/ [AUTOPLAY] //Family Messages/Your Grandson.mp4','2014-12-21 23:31:33'),(3,'media/ [AUTOPLAY] //Family Messages/Your Grandson.mp4','2014-12-21 23:31:52'),(3,'media/ [AUTOPLAY] //Family Messages/Your Grandson.mp4','2014-12-21 23:32:10'),(3,'media/ [AUTOPLAY] //Family Messages/Your Grandson.mp4','2014-12-21 23:32:29'),(3,'media/ [AUTOPLAY] //Family Messages/Your Grandson.mp4','2014-12-21 23:32:47'),(3,'media/ [AUTOPLAY] //Family Messages/Your Grandson.mp4','2014-12-21 23:33:06'),(3,'media/ [AUTOPLAY] //Family Messages/Your Grandson.mp4','2014-12-21 23:33:24'),(3,'media/ [AUTOPLAY] //Family Messages/Your Grandson.mp4','2014-12-21 23:33:43'),(3,'media/ [AUTOPLAY] //Family Messages/Your Grandson.mp4','2014-12-21 23:34:01'),(3,'media/ [AUTOPLAY] //Family Messages/Your Grandson.mp4','2014-12-21 23:34:19'),(3,'media/ [AUTOPLAY] //Family Messages/Your Grandson.mp4','2014-12-21 23:34:38'),(3,'media/ [AUTOPLAY] //Family Messages/Your Grandson.mp4','2014-12-21 23:34:57'),(3,'media/ [AUTOPLAY] //Family Messages/Your Grandson.mp4','2014-12-21 23:35:15'),(3,'media/ [AUTOPLAY] //Family Messages/Your Grandson.mp4','2014-12-21 23:35:34'),(3,'media/ [AUTOPLAY] //Family Messages/Your Grandson.mp4','2014-12-21 23:35:52'),(3,'media/','2014-12-21 23:35:53'),(3,'media/ [AUTOPLAY] //Family Messages/Your Grandson.mp4','2014-12-21 23:39:49'),(3,'media/ [AUTOPLAY] //Family Messages/Your Grandson.mp4','2014-12-21 23:40:08'),(3,'media/ [AUTOPLAY] //Family Messages/Your Grandson.mp4','2014-12-21 23:40:26'),(3,'media/ [AUTOPLAY] //Family Messages/Your Grandson.mp4','2014-12-21 23:40:45'),(3,'media/ [AUTOPLAY] //Family Messages/Your Grandson.mp4','2014-12-21 23:41:04'),(3,'media/ [AUTOPLAY] //Family Messages/Your Grandson.mp4','2014-12-21 23:41:22'),(3,'media/ [AUTOPLAY] //Family Messages/Your Grandson.mp4','2014-12-21 23:41:40'),(3,'media/ [AUTOPLAY] //Family Messages/Your Grandson.mp4','2014-12-21 23:41:59'),(3,'media/ [AUTOPLAY] //Family Messages/Your Grandson.mp4','2014-12-21 23:42:17'),(3,'media/ [AUTOPLAY] //Family Messages/Your Grandson.mp4','2014-12-21 23:42:36'),(3,'media/','2014-12-21 23:44:08'),(3,'media/ [AUTOPLAY] //Photos/Puppies And Kittens.kanvar','2014-12-21 23:46:34'),(3,'media/','2014-12-22 01:59:57'),(3,'media/','2014-12-22 01:59:57'),(3,'media/ [AUTOPLAY] //Family Messages/Your Grandson.mp4','2014-12-22 02:00:17'),(3,'media/ [AUTOPLAY] //Family Messages/Your Grandson.mp4','2014-12-22 02:07:26'),(3,'media/ [AUTOPLAY] //Family Messages/Your Grandson.mp4','2014-12-22 02:09:12'),(3,'media/ [AUTOPLAY] //Family Messages/Your Grandson.mp4','2014-12-22 02:13:56'),(3,'media/','2014-12-22 02:14:13'),(3,'media/','2014-12-22 02:14:33'),(3,'media//Family Messages/','2014-12-22 02:14:34'),(3,'media/','2014-12-22 02:14:39'),(3,'media/ [AUTOPLAY] //Old Movies/The Wizard Of Oz.mp4','2014-12-22 02:14:49'),(3,'media/ [AUTOPLAY] //Old Movies/A Star Is Born.mp4','2014-12-22 02:15:48'),(3,'media/','2014-12-22 02:15:54'),(3,'media//Family Messages/','2014-12-22 02:15:55'),(3,'media/','2014-12-22 02:15:57'),(3,'media/ [AUTOPLAY] //Family Messages/Your Grandson.mp4','2014-12-22 02:16:01'),(3,'media/ [AUTOPLAY] //Family Messages/Your Grandson.mp4','2014-12-22 02:16:29'),(3,'media/ [AUTOPLAY] //Family Messages/Your Grandson.mp4','2014-12-22 02:18:14'),(3,'media/ [AUTOPLAY] //Family Messages/Your Grandson.mp4','2014-12-22 02:18:22'),(3,'media/ [AUTOPLAY] //Family Messages/Your Grandson.mp4','2014-12-22 02:18:59'),(3,'media/ [AUTOPLAY] //Family Messages/Your Grandson.mp4','2014-12-22 02:19:33'),(3,'media/ [AUTOPLAY] //Family Messages/Your Grandson.mp4','2014-12-22 02:19:55'),(3,'media/ [AUTOPLAY] //Family Messages/Your Grandson.mp4','2014-12-22 02:21:08'),(3,'media/','2014-12-22 02:21:24'),(3,'media/','2014-12-22 02:21:33'),(3,'media/ [AUTOPLAY] //Old Movies/The Inspector General.mp4','2014-12-22 02:21:41'),(3,'media/ [AUTOPLAY] //Old Movies/The Last Time I Saw Paris.mp4','2014-12-22 02:23:05'),(3,'media/ [AUTOPLAY] //Old Movies/The Wizard Of Oz.mp4','2014-12-22 02:23:11'),(3,'media/ [AUTOPLAY] //Old Movies/A Star Is Born.mp4','2014-12-22 02:23:24'),(3,'media/ [AUTOPLAY] //Old Movies/The Inspector General.mp4','2014-12-22 02:23:27'),(3,'media/ [AUTOPLAY] //Old Movies/The Last Time I Saw Paris.mp4','2014-12-22 02:23:29'),(3,'media/ [AUTOPLAY] //Old Movies/The Wizard Of Oz.mp4','2014-12-22 02:23:32'),(3,'media/ [AUTOPLAY] //Old Movies/A Star Is Born.mp4','2014-12-22 02:23:34'),(3,'media/','2014-12-22 02:23:42'),(3,'media/','2014-12-22 02:24:02'),(3,'media//Family Messages/','2014-12-22 02:24:07'),(3,'media//Family Messages// [AUTOPLAY] Your Grandson.mp4','2014-12-22 02:24:09'),(3,'media/','2014-12-22 02:24:26'),(3,'media//Family Messages/','2014-12-22 02:24:36'),(3,'media/','2014-12-22 02:24:39'),(3,'media//Family Messages/','2014-12-22 02:25:24'),(3,'media//Family Messages// [AUTOPLAY] Your Grandson.mp4','2014-12-22 02:25:25'),(3,'media/','2014-12-22 02:29:02'),(3,'media//Family Messages/','2014-12-22 02:29:59'),(3,'media//Family Messages// [AUTOPLAY] Your Grandson.mp4','2014-12-22 02:30:00'),(3,'media//Family Messages//','2014-12-22 02:30:16'),(3,'media/','2014-12-22 02:30:18'),(3,'media/ [AUTOPLAY] //Photos/Puppies And Kittens.kanvar','2014-12-22 02:36:44'),(3,'media/','2014-12-22 03:11:20'),(3,'media/','2014-12-22 03:11:22'),(3,'media/ [AUTOPLAY] //Photos/Puppies And Kittens.kanvar','2014-12-22 03:16:46'),(3,'media/ [AUTOPLAY] //Photos/Puppies And Kittens.kanvar','2014-12-22 03:16:49'),(3,'media/','2014-12-22 10:40:14'),(3,'media//Music/','2014-12-22 10:40:34'),(3,'media//Music// [AUTOPLAY] ABBA.mp3','2014-12-22 10:40:37'),(3,'media//Music/// [AUTOPLAY] Dean Martin.mp3','2014-12-22 10:41:52'),(3,'media//Music//// [AUTOPLAY] ABBA.mp3','2014-12-22 10:42:09'),(3,'media//Music///// [AUTOPLAY] Elvis Presley.mp3','2014-12-22 10:42:14'),(3,'media//Music/////','2014-12-22 10:42:30'),(3,'media//Music////// [AUTOPLAY] The Beatles.mp3','2014-12-22 10:42:33'),(3,'media//Music/////// [AUTOPLAY] Frank Sinatra.mp3','2014-12-22 10:43:24'),(3,'media//Music///////','2014-12-22 10:43:30'),(3,'media//Music//////// [AUTOPLAY] ABBA.mp3','2014-12-22 10:43:32'),(3,'media/','2014-12-22 10:43:36'),(3,'media//Old Movies/','2014-12-22 10:43:37'),(3,'media//Old Movies// [AUTOPLAY] The Last Time I Saw Paris.mp4','2014-12-22 10:43:39'),(3,'media//Old Movies/// [AUTOPLAY] The Inspector General.mp4','2014-12-22 10:43:44'),(3,'media/','2014-12-22 10:43:48'),(3,'media//Music/','2014-12-22 10:44:10'),(3,'media//Music// [AUTOPLAY] ABBA.mp3','2014-12-22 10:44:11'),(3,'media/','2014-12-22 10:44:21'),(3,'media//Photos/','2014-12-22 10:44:23'),(3,'media/','2014-12-22 10:44:35'),(3,'media/','2014-12-22 11:37:47'),(3,'media//Music/','2014-12-22 11:37:49'),(3,'media/','2014-12-22 11:38:49'),(3,'media//Music/','2014-12-22 11:40:14'),(3,'media/','2014-12-22 11:41:14'),(3,'media//Music/','2014-12-22 11:41:20'),(3,'media/','2014-12-22 15:49:01'),(3,'media/','2015-01-12 11:41:12'),(3,'media//Music/','2015-01-12 11:41:41'),(3,'media/','2015-01-12 11:41:43'),(3,'media//Old Movies/','2015-01-12 11:41:45'),(3,'media/','2015-01-12 11:41:47'),(3,'media/','2015-01-12 11:59:46'),(3,'media/','2015-01-12 12:00:04'),(3,'media/','2015-01-12 12:00:11'),(3,'media/','2015-01-12 12:00:20'),(3,'media/','2015-01-12 12:00:26'),(3,'media/','2015-04-13 13:36:34'),(3,'media/','2015-04-13 13:40:43'),(3,'media//Music/','2015-04-13 13:40:50'),(3,'media/','2015-04-13 13:41:01'),(3,'media//Photos/','2015-04-13 13:41:03'),(3,'media/','2015-04-13 13:41:05'),(3,'media//Old Movies/','2015-04-13 13:41:06'),(3,'media/','2015-04-13 13:41:08'),(3,'media//Family Messages/','2015-04-13 13:41:09'),(3,'media//Family Messages// [AUTOPLAY] Your Grandson.mp4','2015-04-13 13:41:11'),(3,'media//Family Messages//','2015-04-13 13:41:36'),(3,'media/','2015-04-13 13:41:57'),(3,'media/','2015-04-13 13:42:04'),(3,'media/ [AUTOPLAY] //Old Movies/The Inspector General.mp4','2015-04-13 13:42:15'),(3,'media/','2015-04-13 13:42:24'),(3,'media/ [AUTOPLAY] //Family Messages/Your Grandson.mp4','2015-04-13 13:42:29'),(3,'media/','2015-04-13 13:42:32'),(3,'media/ [AUTOPLAY] //Old Movies/The Last Time I Saw Paris.mp4','2015-04-13 13:42:34'),(3,'media/','2015-04-13 13:42:40'),(3,'media/ [AUTOPLAY] //Old Movies/The Wizard Of Oz.mp4','2015-04-13 13:42:44'),(3,'media/','2015-04-13 13:42:47'),(3,'media/ [AUTOPLAY] //Music/The Beatles.mp3','2015-04-13 13:42:47'),(3,'media/','2015-04-13 13:42:50'),(3,'media/','2015-04-13 13:43:53'),(3,'media/','2015-04-13 13:44:51'),(3,'media/','2015-04-13 14:36:21'),(3,'media/ [AUTOPLAY] //Music/ABBA.mp3','2015-04-13 14:40:11'),(3,'media/','2015-04-13 14:40:14'),(3,'media/ [AUTOPLAY] //Old Movies/A Star Is Born.mp4','2015-04-13 14:40:15'),(3,'media/','2015-04-13 14:40:18'),(3,'media/ [AUTOPLAY] //Photos/Puppies And Kittens.kanvar','2015-04-13 14:40:19'),(3,'media/','2015-04-13 14:40:21'),(3,'media/ [AUTOPLAY] //Family Messages/Your Grandson.mp4','2015-04-13 14:40:22'),(3,'media/','2015-04-13 14:40:27'),(4,'media/','2015-04-13 14:44:19'),(4,'media//Old Movies/','2015-04-13 14:44:33'),(4,'media//Old Movies// [AUTOPLAY] The Inspector General.mp4','2015-04-13 14:44:34'),(4,'media//Old Movies/// [AUTOPLAY] A Star Is Born.mp4','2015-04-13 14:44:53'),(4,'media/','2015-04-13 14:44:59'),(4,'media/','2015-04-14 05:37:43'),(4,'media//Family Messages/','2015-04-14 05:37:55'),(4,'media/','2015-04-14 05:38:49'),(4,'media/','2015-04-14 05:42:22'),(4,'media//Family Messages/','2015-04-14 05:42:23'),(4,'media//Family Messages// [AUTOPLAY] Your Grandson.mp4','2015-04-14 05:42:24'),(4,'media//Family Messages//','2015-04-14 05:42:41'),(4,'media/','2015-04-14 05:42:43'),(4,'media//Music/','2015-04-14 05:42:47'),(4,'media//Music// [AUTOPLAY] ABBA.mp3','2015-04-14 05:42:48'),(4,'media/','2015-04-14 05:44:13'),(4,'media/','2015-04-14 05:45:03'),(4,'media/','2015-04-14 05:46:34'),(4,'media/','2015-04-14 05:46:34'),(4,'media/','2015-04-14 05:47:18'),(4,'media//Old Movies/','2015-04-14 05:47:29'),(4,'media//Photos/','2015-04-14 05:48:44'),(4,'media//Photos// [AUTOPLAY] Puppies And Kittens.kanvar','2015-04-14 05:48:57'),(4,'media/','2015-04-14 05:49:32'),(4,'media/','2015-04-14 05:49:32'),(4,'media//Family Messages/','2015-04-14 05:49:34'),(4,'media/','2015-04-14 05:49:37'),(4,'media//Music/','2015-04-14 05:49:49'),(4,'media//Photos/','2015-04-14 05:50:32'),(4,'media/','2015-04-14 05:50:35'),(4,'media/ [AUTOPLAY] //Family Messages/Your Grandson.mp4','2015-04-14 05:52:05'),(4,'media/','2015-04-14 05:52:19'),(4,'media/','2015-04-14 05:52:19'),(4,'media/','2015-04-14 06:06:32'),(4,'media/','2015-04-14 06:06:57'),(4,'media/','2015-04-14 06:07:54'),(4,'media/','2015-04-14 06:07:55'),(4,'media/','2015-04-14 06:07:55'),(4,'media/ [AUTOPLAY] //Family Messages/Your Grandson.mp4','2015-04-14 06:09:00'),(4,'media/','2015-04-14 06:09:19'),(4,'media/','2015-04-14 06:10:10'),(4,'media/','2015-04-14 06:10:21'),(4,'media/ [AUTOPLAY] //Photos/Puppies And Kittens.kanvar','2015-04-14 06:11:56'),(4,'media/ [AUTOPLAY] //Photos/Puppies And Kittens.kanvar','2015-04-14 06:13:20'),(4,'media/ [AUTOPLAY] //Photos/Puppies And Kittens.kanvar','2015-04-14 06:13:22'),(4,'media/ [AUTOPLAY] //Photos/Puppies And Kittens.kanvar','2015-04-14 06:13:23'),(4,'media/ [AUTOPLAY] //Photos/Puppies And Kittens.kanvar','2015-04-14 06:13:25'),(4,'media/ [AUTOPLAY] //Photos/Puppies And Kittens.kanvar','2015-04-14 06:14:26'),(4,'media/ [AUTOPLAY] //Photos/Puppies And Kittens.kanvar','2015-04-14 06:14:28'),(4,'media/ [AUTOPLAY] //Photos/Puppies And Kittens.kanvar','2015-04-14 06:14:57'),(4,'media/ [AUTOPLAY] //Photos/Puppies And Kittens.kanvar','2015-04-14 06:15:20'),(4,'media/ [AUTOPLAY] //Photos/Puppies And Kittens.kanvar','2015-04-14 06:15:31'),(4,'media/ [AUTOPLAY] //Photos/Puppies And Kittens.kanvar','2015-04-14 06:15:46'),(4,'media/ [AUTOPLAY] //Photos/Puppies And Kittens.kanvar','2015-04-14 06:15:47'),(4,'media/ [AUTOPLAY] //Photos/Puppies And Kittens.kanvar','2015-04-14 06:15:48'),(4,'media/ [AUTOPLAY] //Photos/Puppies And Kittens.kanvar','2015-04-14 06:15:49'),(4,'media/ [AUTOPLAY] //Photos/Puppies And Kittens.kanvar','2015-04-14 06:32:01'),(4,'media/ [AUTOPLAY] //Photos/Puppies And Kittens.kanvar','2015-04-14 06:32:44'),(4,'media/ [AUTOPLAY] //Photos/Puppies And Kittens.kanvar','2015-04-14 06:33:01'),(4,'media/ [AUTOPLAY] //Photos/Puppies And Kittens.kanvar','2015-04-14 06:33:19'),(4,'media/ [AUTOPLAY] //Photos/Puppies And Kittens.kanvar','2015-04-14 06:34:06'),(4,'media/ [AUTOPLAY] //Photos/Puppies And Kittens.kanvar','2015-04-14 06:34:30'),(4,'media/ [AUTOPLAY] //Photos/Puppies And Kittens.kanvar','2015-04-14 06:35:43'),(4,'media/','2015-04-14 06:35:46'),(4,'media/ [AUTOPLAY] //Family Messages/Your Grandson.mp4','2015-04-14 06:36:16'),(4,'media/','2015-04-14 07:01:05'),(4,'media//Family Messages/','2015-04-14 07:01:07'),(4,'media//Family Messages// [AUTOPLAY] Your Grandson.mp4','2015-04-14 07:01:10'),(4,'media/','2015-04-14 07:01:12'),(4,'media/','2015-04-14 07:12:04'),(4,'media//Photos/','2015-04-14 07:12:09'),(4,'media/','2015-04-14 07:12:11'),(4,'media/ [AUTOPLAY] //Old Movies/The Inspector General.mp4','2015-04-14 07:13:17'),(4,'media/','2015-04-14 07:13:30'),(4,'media/ [AUTOPLAY] //Family Messages/Your Grandson.mp4','2015-04-14 07:13:36'),(4,'media/','2015-04-14 07:13:38'),(4,'media/','2015-04-14 07:13:44'),(4,'media/ [AUTOPLAY] //Music/Dean Martin.mp3','2015-04-14 07:14:44'),(4,'media/Music/','2015-04-14 07:15:05'),(4,'media/','2015-04-14 07:15:07'),(4,'media/','2015-04-14 07:15:14'),(4,'media/ [AUTOPLAY] //Music/Elvis Presley.mp3','2015-04-14 07:15:16'),(4,'media/','2015-04-14 07:15:18'),(4,'media/','2015-04-14 07:37:21'),(4,'media//Old Movies/','2015-04-14 07:37:29'),(4,'media//Old Movies// [AUTOPLAY] The Inspector General.mp4','2015-04-14 07:37:34'),(4,'media/','2015-04-14 07:37:45'),(4,'media/','2015-04-14 07:38:00'),(4,'media/ [AUTOPLAY] //Old Movies/The Last Time I Saw Paris.mp4','2015-04-14 07:39:06'),(4,'media/','2015-04-14 07:39:10'),(4,'media/ [AUTOPLAY] //Photos/Puppies And Kittens.kanvar','2015-04-14 07:39:12'),(4,'media/','2015-04-14 07:39:15'),(4,'media/ [AUTOPLAY] //Music/Frank Sinatra.mp3','2015-04-14 07:39:18'),(4,'media/','2015-04-14 07:42:35'),(4,'media//Music/','2015-04-14 07:42:39'),(4,'media//Music// [AUTOPLAY] Elvis Presley.mp3','2015-04-14 07:42:42'),(4,'media/','2015-04-14 07:42:50'),(4,'media//Music/','2015-04-14 07:42:55'),(4,'media//Music// [AUTOPLAY] ABBA.mp3','2015-04-14 07:42:56'),(4,'media//Music//','2015-04-14 07:43:00'),(4,'media//Music/// [AUTOPLAY] Frank Sinatra.mp3','2015-04-14 07:43:05'),(4,'media//Music//// [AUTOPLAY] The Beatles.mp3','2015-04-14 07:43:12'),(4,'media//Music///// [AUTOPLAY] The Beatles.mp3','2015-04-14 07:43:17'),(4,'media/','2015-04-14 07:43:21'),(4,'media//Photos/','2015-04-14 07:44:01'),(4,'media//Photos// [AUTOPLAY] Puppies And Kittens.kanvar','2015-04-14 07:44:11'),(4,'media/','2015-04-14 07:44:20'),(4,'media//Photos/','2015-04-14 07:44:22'),(4,'media//Photos// [AUTOPLAY] Puppies And Kittens.kanvar','2015-04-14 07:44:24'),(4,'media/','2015-04-14 07:46:45'),(4,'media/','2015-04-14 07:50:23'),(4,'media/ [AUTOPLAY] //Old Movies/The Wizard Of Oz.mp4','2015-04-14 07:51:48'),(4,'media/ [AUTOPLAY] //Old Movies/A Star Is Born.mp4','2015-04-14 08:05:02'),(4,'media/','2015-04-14 22:46:29'),(4,'media/ [AUTOPLAY] //Family Messages/Your Grandson.mp4','2015-04-14 22:48:14'),(4,'media/','2015-04-14 22:48:31'),(4,'media/ [AUTOPLAY] //Photos/Puppies And Kittens.kanvar','2015-04-14 22:50:51'),(4,'media/','2015-04-14 22:52:48'),(4,'media/ [AUTOPLAY] //Old Movies/The Inspector General.mp4','2015-04-14 22:55:08'),(4,'media/','2015-04-14 22:56:18'),(4,'media/','2015-04-14 22:56:36'),(4,'media/','2015-04-14 22:59:34'),(4,'media/ [AUTOPLAY] //Photos/Puppies And Kittens.kanvar','2015-04-14 23:01:54'),(4,'media/','2015-04-14 23:07:13'),(4,'media/ [AUTOPLAY] //Family Messages/Your Grandson.mp4','2015-04-14 23:08:43'),(4,'media/','2015-04-14 23:09:00'),(4,'media/ [AUTOPLAY] //Music/The Beatles.mp3','2015-04-14 23:11:20'),(4,'media/','2015-04-14 23:11:37'),(4,'media/ [AUTOPLAY] //Old Movies/The Last Time I Saw Paris.mp4','2015-04-14 23:12:37'),(4,'media/','2015-04-14 23:30:07'),(4,'media/','2015-04-14 23:30:25'),(4,'media//Old Movies/','2015-04-14 23:30:28'),(4,'media/','2015-04-14 23:30:32'),(4,'media/ [AUTOPLAY] //Old Movies/The Wizard Of Oz.mp4','2015-04-14 23:31:32'),(4,'media/ [AUTOPLAY] //Old Movies/A Star Is Born.mp4','2015-04-14 23:44:46'),(4,'media/','2015-04-15 00:14:46'),(4,'media/ [AUTOPLAY] //Family Messages/Your Grandson.mp4','2015-04-15 00:16:26'),(4,'media/','2015-04-15 00:16:42'),(4,'media/ [AUTOPLAY] //Photos/Puppies And Kittens.kanvar','2015-04-15 00:19:48'),(4,'media/','2015-04-15 00:37:08'),(4,'media/','2015-04-15 00:38:02'),(4,'media/ [AUTOPLAY] //Old Movies/The Inspector General.mp4','2015-04-15 00:39:57'),(4,'media/','2015-04-15 00:43:08'),(4,'media/','2015-04-15 00:43:29'),(4,'media/','2015-04-15 00:49:45'),(4,'media/ [AUTOPLAY] //Old Movies/The Last Time I Saw Paris.mp4','2015-04-15 00:53:40'),(4,'media/','2015-04-15 00:56:42'),(4,'media/','2015-04-15 00:58:38'),(4,'media/ [AUTOPLAY] //Photos/Puppies And Kittens.kanvar','2015-04-15 01:00:23'),(4,'media/','2015-04-15 05:25:31'),(4,'media//Photos/','2015-04-15 05:25:41'),(4,'media/','2015-04-15 05:25:51'),(4,'media//Old Movies/','2015-04-15 05:25:53'),(4,'media//Old Movies// [AUTOPLAY] The Inspector General.mp4','2015-04-15 05:25:55'),(4,'media/','2015-04-15 05:26:01'),(4,'media//Photos/','2015-04-15 05:26:11'),(4,'media//Photos// [AUTOPLAY] Puppies And Kittens.kanvar','2015-04-15 05:26:13'),(4,'media/','2015-04-15 05:49:23'),(4,'media/ [AUTOPLAY] //Old Movies/The Wizard Of Oz.mp4','2015-04-15 05:52:29'),(4,'media/','2015-04-15 05:55:26'),(4,'media//Music/','2015-04-15 05:55:49'),(4,'media//Music// [AUTOPLAY] ABBA.mp3','2015-04-15 05:55:50'),(4,'media/','2015-04-15 06:01:09'),(4,'media//Music/','2015-04-15 06:01:46'),(4,'media//Music// [AUTOPLAY] Elvis Presley.mp3','2015-04-15 06:01:48'),(4,'media/','2015-04-15 06:01:56'),(4,'media/','2015-04-15 06:02:16'),(4,'media/ [AUTOPLAY] //Music/ABBA.mp3','2015-04-15 06:02:21'),(4,'media/','2015-04-15 06:02:38'),(4,'media/ [AUTOPLAY] //Family Messages/Your Grandson.mp4','2015-04-15 06:02:59'),(4,'media/','2015-04-15 06:03:18'),(4,'media/','2015-04-15 06:35:24'),(4,'media//Music/','2015-04-15 06:35:41'),(4,'media//Music// [AUTOPLAY] Dean Martin.mp3','2015-04-15 06:35:46'),(4,'media/','2015-04-15 06:35:53'),(4,'media/','2015-04-15 06:35:57'),(4,'media/ [AUTOPLAY] //Music/Dean Martin.mp3','2015-04-15 06:36:07'),(4,'media/','2015-04-15 06:36:21'),(4,'media/ [AUTOPLAY] //Music/Elvis Presley.mp3','2015-04-15 06:37:41'),(4,'media/','2015-04-15 06:37:52'),(4,'media/ [AUTOPLAY] //Photos/Puppies And Kittens.kanvar','2015-04-15 06:39:07'),(4,'media/','2015-04-15 06:39:15'),(4,'media/','2015-04-15 06:59:47'),(4,'media//Music/','2015-04-15 07:00:29'),(4,'media//Music// [AUTOPLAY] ABBA.mp3','2015-04-15 07:00:36'),(4,'media/','2015-04-15 07:00:45'),(4,'media//Old Movies/','2015-04-15 07:00:47'),(4,'media//Old Movies// [AUTOPLAY] The Inspector General.mp4','2015-04-15 07:00:50'),(4,'media/','2015-04-15 07:01:37'),(4,'media//Family Messages/','2015-04-15 07:01:40'),(4,'media//Family Messages// [AUTOPLAY] Your Grandson.mp4','2015-04-15 07:01:42'),(4,'media//Family Messages//','2015-04-15 07:01:59'),(4,'media/','2015-04-15 07:02:08'),(4,'media/','2015-05-24 05:54:04'),(4,'media//Photos/','2015-05-24 05:54:16'),(4,'media/','2015-05-24 05:54:19'),(4,'media/ [AUTOPLAY] //Family Messages/Your Grandson.mp4','2015-05-24 05:55:19'),(4,'media/','2015-05-24 05:55:29'),(4,'media//Music/','2015-05-24 05:55:34'),(4,'media//Music// [AUTOPLAY] Elvis Presley.mp3','2015-05-24 05:55:37'),(4,'media/','2015-05-24 05:56:42'),(4,'media//Old Movies/','2015-05-24 05:56:45'),(4,'media//Old Movies// [AUTOPLAY] The Inspector General.mp4','2015-05-24 05:56:47'),(4,'media/','2015-05-24 05:56:51'),(4,'media/ [AUTOPLAY] //Family Messages/Your Grandson.mp4','2015-05-24 05:57:58'),(4,'media/','2015-05-24 05:58:14'),(4,'media/ [AUTOPLAY] //Old Movies/A Star Is Born.mp4','2015-05-24 05:59:15'),(4,'media/','2015-05-24 06:05:46'),(4,'media//Music/','2015-05-24 06:05:50'),(4,'media//Music// [AUTOPLAY] ABBA.mp3','2015-05-24 06:05:52'),(4,'media//Music/// [AUTOPLAY] ABBA.mp3','2015-05-24 06:05:54'),(4,'media/','2015-05-24 06:05:55'),(4,'media//Music/','2015-05-24 06:05:58'),(4,'media//Music// [AUTOPLAY] ABBA.mp3','2015-05-24 06:06:01'),(4,'media//Music/// [AUTOPLAY] Dean Martin.mp3','2015-05-24 06:06:26'),(4,'media//Music//// [AUTOPLAY] ABBA.mp3','2015-05-24 06:07:10'),(4,'media/','2015-05-24 06:07:13'),(4,'media//Music/','2015-05-24 06:07:19'),(4,'media//Music// [AUTOPLAY] ABBA.mp3','2015-05-24 06:07:20'),(4,'media/','2015-05-24 06:07:22'),(4,'media/ [AUTOPLAY] //Music/Frank Sinatra.mp3','2015-05-24 06:09:22'),(4,'media/Music/','2015-05-24 06:09:34'),(4,'media/Music// [AUTOPLAY] Frank Sinatra.mp3','2015-05-24 06:10:04'),(4,'media/Music/// [AUTOPLAY] The Beatles.mp3','2015-05-24 06:10:05'),(4,'media/Music///','2015-05-24 06:10:06'),(4,'media/Music///','2015-05-24 06:10:07'),(4,'media/','2015-05-24 06:10:09'),(4,'media/ [AUTOPLAY] //Music/The Beatles.mp3','2015-05-24 06:11:14'),(4,'media///Music/ [AUTOPLAY] Elvis Presley.mp3','2015-05-24 06:22:39'),(4,'media///Music// [AUTOPLAY] Elvis Presley.mp3','2015-05-24 06:22:44'),(4,'media///Music/// [AUTOPLAY] Elvis Presley.mp3','2015-05-24 06:22:47'),(4,'media/','2015-05-24 06:22:49'),(4,'media//Family Messages/','2015-05-24 06:22:52'),(4,'media//Family Messages// [AUTOPLAY] Your Grandson.mp4','2015-05-24 06:22:54'),(4,'media/','2015-05-24 06:22:56'),(4,'media//Photos/','2015-05-24 06:22:57'),(4,'media//Photos// [AUTOPLAY] Puppies And Kittens.kanvar','2015-05-24 06:22:59'),(4,'media/','2015-05-24 06:23:01'),(4,'media//Old Movies/','2015-05-24 06:25:20'),(4,'media//Old Movies// [AUTOPLAY] The Last Time I Saw Paris.mp4','2015-05-24 06:25:22'),(4,'media/','2015-05-24 06:25:24'),(4,'media//Family Messages/','2015-05-24 06:25:26'),(4,'media/','2015-05-24 06:25:27'),(4,'media/ [AUTOPLAY] //Old Movies/The Inspector General.mp4','2015-05-24 06:26:37'),(4,'media/','2015-05-24 09:55:36'),(4,'media//Music/','2015-05-24 09:55:40'),(4,'media//Music// [AUTOPLAY] ABBA.mp3','2015-05-24 09:55:41'),(4,'media/','2015-05-24 09:55:58'),(4,'media/','2015-05-24 09:56:05'),(4,'media//Music/','2015-05-24 09:56:13'),(4,'media//Music// [AUTOPLAY] Dean Martin.mp3','2015-05-24 09:56:14'),(4,'media/','2015-05-24 09:58:26'),(4,'media//Music/','2015-05-24 09:59:01'),(4,'media/','2015-05-24 09:59:08'),(4,'media/','2015-05-24 10:00:39'),(4,'media//Music/','2015-05-24 10:00:44'),(4,'media//Music// [AUTOPLAY] ABBA.mp3','2015-05-24 10:00:46'),(4,'media/','2015-05-24 10:01:04'),(4,'media/','2015-05-24 10:05:38'),(4,'media//Music/','2015-05-24 10:05:55'),(4,'media//Music// [AUTOPLAY] Dean Martin.mp3','2015-05-24 10:05:58'),(4,'media/','2015-05-24 10:06:03'),(4,'media//Old Movies/','2015-05-24 10:06:05'),(4,'media//Old Movies// [AUTOPLAY] The Wizard Of Oz.mp4','2015-05-24 10:06:08'),(4,'media/','2015-05-24 10:06:16'),(4,'media//Music/','2015-05-24 10:06:18'),(4,'media//Music// [AUTOPLAY] Dean Martin.mp3','2015-05-24 10:06:20'),(4,'media/','2015-05-24 10:09:47'),(4,'media//Photos/','2015-05-24 10:09:50'),(4,'media//Photos// [AUTOPLAY] Puppies And Kittens.kanvar','2015-05-24 10:09:58'),(4,'media/','2015-05-25 02:58:28'),(4,'media//Old Movies/','2015-05-25 02:58:49'),(4,'media//Old Movies// [AUTOPLAY] The Inspector General.mp4','2015-05-25 02:58:52'),(4,'media/','2015-05-25 02:58:58'),(4,'media//Photos/','2015-05-25 02:59:01'),(4,'media//Photos// [AUTOPLAY] Puppies And Kittens.kanvar','2015-05-25 02:59:04'),(4,'media/','2015-05-25 02:59:07'),(4,'media//Old Movies/','2015-05-25 02:59:13'),(4,'media//Old Movies// [AUTOPLAY] The Last Time I Saw Paris.mp4','2015-05-25 02:59:15'),(4,'media/','2015-05-25 02:59:22'),(4,'media/ [AUTOPLAY] //Music/ABBA.mp3','2015-05-25 03:00:33'),(4,'media/','2015-05-25 03:01:06'),(4,'media/ [AUTOPLAY] //Photos/Puppies And Kittens.kanvar','2015-05-25 03:02:51'),(4,'media/','2015-05-25 03:19:25'),(4,'media//Old Movies/','2015-05-25 03:25:32'),(4,'media//Old Movies// [AUTOPLAY] The Inspector General.mp4','2015-05-25 03:25:34'),(4,'media/','2015-05-25 03:35:54'),(4,'media/ [AUTOPLAY] //Family Messages/Your Grandson.mp4','2015-05-25 03:37:44'),(4,'media/','2015-05-25 03:38:01'),(4,'media/ [AUTOPLAY] //Family Messages/Your Grandson.mp4','2015-05-25 03:46:31'),(4,'media/','2015-05-25 03:46:47'),(4,'media/ [AUTOPLAY] //Music/Dean Martin.mp3','2015-05-25 03:50:07'),(4,'media/','2015-05-25 04:06:32'),(4,'media/','2015-05-27 03:37:16'),(4,'media//Music/','2015-05-27 03:37:41'),(4,'media//Music// [AUTOPLAY] Dean Martin.mp3','2015-05-27 03:37:45'),(4,'media//Music/// [AUTOPLAY] Elvis Presley.mp3','2015-05-27 03:37:52'),(4,'media/','2015-05-27 03:38:04'),(4,'media//Old Movies/','2015-05-27 03:38:16'),(4,'media//Old Movies// [AUTOPLAY] A Star Is Born.mp4','2015-05-27 03:38:19'),(4,'media//Old Movies/// [AUTOPLAY] The Wizard Of Oz.mp4','2015-05-27 03:38:39'),(4,'media/','2015-05-27 03:38:57'),(4,'media//Old Movies/','2015-05-27 03:39:07'),(4,'media//Old Movies// [AUTOPLAY] The Wizard Of Oz.mp4','2015-05-27 03:39:26'),(4,'media/','2015-05-27 03:39:28'),(4,'media//Photos/','2015-05-27 03:39:30'),(4,'media//Photos// [AUTOPLAY] Puppies And Kittens.kanvar','2015-05-27 03:39:45'),(4,'media/','2015-05-27 03:39:57'),(4,'media//Family Messages/','2015-05-27 03:40:00'),(4,'media/','2015-05-27 03:40:10'),(4,'media//Music/','2015-05-27 03:40:19'),(4,'media//Music// [AUTOPLAY] Dean Martin.mp3','2015-05-27 03:40:25'),(4,'media/','2015-05-27 03:40:34'),(4,'media/ [AUTOPLAY] //Photos/Puppies And Kittens.kanvar','2015-05-27 03:41:54'),(4,'media/','2015-05-27 03:43:02'),(4,'media//Family Messages/','2015-05-27 03:43:07'),(4,'media/','2015-05-27 03:43:12'),(4,'media/','2015-05-27 03:46:25'),(4,'media/ [AUTOPLAY] //Music/Elvis Presley.mp3','2015-05-27 03:46:38'),(4,'media/','2015-05-27 03:46:47'),(4,'media/ [AUTOPLAY] //Music/Frank Sinatra.mp3','2015-05-27 03:46:58'),(4,'media/','2015-05-27 03:47:04'),(4,'media/ [AUTOPLAY] //Old Movies/The Last Time I Saw Paris.mp4','2015-05-27 03:47:08'),(4,'media/','2015-05-27 03:47:17'),(4,'media/ [AUTOPLAY] //Photos/Puppies And Kittens.kanvar','2015-05-27 03:47:23'),(4,'media/','2015-05-27 03:47:28'),(4,'media/ [AUTOPLAY] //Photos/Puppies And Kittens.kanvar','2015-05-27 03:47:38'),(4,'media/','2015-05-27 03:47:40'),(4,'media/','2015-05-27 03:52:47'),(4,'media//Music/','2015-05-27 03:52:55'),(4,'media//Music// [AUTOPLAY] Elvis Presley.mp3','2015-05-27 03:53:00'),(4,'media//Music//','2015-05-27 03:53:11'),(4,'media//Music/// [AUTOPLAY] Frank Sinatra.mp3','2015-05-27 03:53:17'),(4,'media//Music//// [AUTOPLAY] The Beatles.mp3','2015-05-27 03:53:21'),(4,'media/','2015-05-27 03:53:28'),(4,'media//Old Movies/','2015-05-27 03:53:32'),(4,'media//Old Movies// [AUTOPLAY] The Inspector General.mp4','2015-05-27 03:53:39'),(4,'media//Old Movies/// [AUTOPLAY] The Last Time I Saw Paris.mp4','2015-05-27 03:53:51'),(4,'media/','2015-05-27 03:53:58'),(4,'media//Photos/','2015-05-27 03:54:00'),(4,'media//Photos// [AUTOPLAY] Puppies And Kittens.kanvar','2015-05-27 03:54:02'),(4,'media/','2015-05-27 03:54:22'),(4,'media//Family Messages/','2015-05-27 03:54:26'),(4,'media//Family Messages// [AUTOPLAY] Your Grandson.mp4','2015-05-27 03:54:28'),(4,'media/','2015-05-27 03:54:35'),(4,'media//Music/','2015-05-27 03:54:37'),(4,'media//Music// [AUTOPLAY] ABBA.mp3','2015-05-27 03:54:39'),(4,'media/','2015-05-27 03:54:51'),(4,'media/','2015-05-27 03:54:52'),(4,'media/','2015-05-27 03:55:13'),(4,'media/ [AUTOPLAY] //Music/The Beatles.mp3','2015-05-27 03:55:17'),(4,'media/','2015-05-27 03:55:24'),(4,'media/ [AUTOPLAY] //Photos/Puppies And Kittens.kanvar','2015-05-27 03:55:29'),(4,'media/','2015-05-27 03:55:36'),(4,'media/ [AUTOPLAY] //Photos/Puppies And Kittens.kanvar','2015-05-27 03:55:37'),(4,'media/','2015-05-27 03:55:41'),(4,'media/','2015-05-27 05:55:38'),(4,'media/','2015-05-27 06:03:36'),(4,'media//Music/','2015-05-27 06:04:12'),(4,'media//Music// [AUTOPLAY] ABBA.mp3','2015-05-27 06:04:15'),(4,'media//Music/// [AUTOPLAY] Elvis Presley.mp3','2015-05-27 06:04:23'),(4,'media/','2015-05-27 06:04:35'),(4,'media//Old Movies/','2015-05-27 06:04:38'),(4,'media//Old Movies// [AUTOPLAY] A Star Is Born.mp4','2015-05-27 06:04:40'),(4,'media/','2015-05-27 06:05:27'),(4,'media/','2015-05-27 06:05:27'),(4,'media//Photos/','2015-05-27 06:05:32'),(4,'media//Photos// [AUTOPLAY] Puppies And Kittens.kanvar','2015-05-27 06:05:35'),(4,'media/','2015-05-27 06:05:57'),(4,'media//Family Messages/','2015-05-27 06:06:01'),(4,'media//Family Messages// [AUTOPLAY] Your Grandson.mp4','2015-05-27 06:06:05'),(4,'media/','2015-05-27 06:06:14'),(4,'media/','2015-05-27 06:06:53'),(4,'media/ [AUTOPLAY] //Music/ABBA.mp3','2015-05-27 06:08:23'),(4,'media/ [AUTOPLAY] //Family Messages/Your Grandson.mp4','2015-05-27 06:08:24'),(4,'media/','2015-05-27 06:08:27'),(4,'media/ [AUTOPLAY] //Music/Dean Martin.mp3','2015-05-27 06:08:28'),(4,'media/','2015-05-27 06:08:42'),(4,'media/ [AUTOPLAY] //Photos/Puppies And Kittens.kanvar','2015-05-27 06:08:44'),(4,'media/','2015-05-27 06:09:01'),(4,'media/','2015-07-02 09:28:59'),(4,'media//Music/','2015-07-02 09:29:10'),(4,'media//Music// [AUTOPLAY] Dean Martin.mp3','2015-07-02 09:29:13'),(4,'media//Music/// [AUTOPLAY] Elvis Presley.mp3','2015-07-02 09:29:16'),(4,'media//Music///','2015-07-02 09:29:18'),(4,'media//Music///','2015-07-02 09:29:19'),(4,'media//Music//// [AUTOPLAY] Dean Martin.mp3','2015-07-02 09:29:21'),(4,'media/','2015-07-02 10:42:48'),(4,'media/','2015-07-02 10:43:13'),(4,'media/','2015-07-02 10:43:43'),(4,'media/','2015-07-02 10:47:51'),(4,'media//Photos/','2015-07-02 10:48:39'),(4,'media/','2015-07-02 10:48:42'),(4,'media//Old Movies/','2015-07-02 10:49:13'),(4,'media//Old Movies// [AUTOPLAY] The Last Time I Saw Paris.mp4','2015-07-02 10:49:16'),(4,'media/','2015-07-02 10:49:19'),(4,'media//Music/','2015-07-02 10:49:21'),(4,'media//Music// [AUTOPLAY] ABBA.mp3','2015-07-02 10:49:36'),(4,'media//Music/// [AUTOPLAY] Dean Martin.mp3','2015-07-02 10:49:38'),(4,'media//Music//// [AUTOPLAY] Elvis Presley.mp3','2015-07-02 10:49:39'),(4,'media//Music////','2015-07-02 10:49:40'),(4,'media//Music////','2015-07-02 10:49:42'),(4,'media//Music///// [AUTOPLAY] Dean Martin.mp3','2015-07-02 10:49:44'),(4,'media/','2015-07-02 10:49:45'),(4,'media//Old Movies/','2015-07-02 10:49:48'),(4,'media//Old Movies// [AUTOPLAY] A Star Is Born.mp4','2015-07-02 10:49:49'),(4,'media//Old Movies/// [AUTOPLAY] The Last Time I Saw Paris.mp4','2015-07-02 10:49:53'),(4,'media//Old Movies//// [AUTOPLAY] The Last Time I Saw Paris.mp4','2015-07-02 10:49:57'),(4,'media//Old Movies///// [AUTOPLAY] A Star Is Born.mp4','2015-07-02 10:50:00'),(4,'media//Old Movies////// [AUTOPLAY] The Inspector General.mp4','2015-07-02 10:50:12'),(4,'media//Old Movies/////// [AUTOPLAY] The Wizard Of Oz.mp4','2015-07-02 10:50:16'),(4,'media/','2015-07-02 10:50:18'),(4,'media//Family Messages/','2015-07-02 10:50:20'),(4,'media//Family Messages// [AUTOPLAY] Your Grandson.mp4','2015-07-02 10:50:22'),(4,'media/','2015-07-02 10:50:25'),(4,'media//Photos/','2015-07-02 10:50:27'),(4,'media//Photos// [AUTOPLAY] Puppies And Kittens.kanvar','2015-07-02 10:50:28'),(4,'media//Photos/// [AUTOPLAY] Puppies And Kittens.kanvar','2015-07-02 10:50:32'),(4,'media//Photos//// [AUTOPLAY] Puppies And Kittens.kanvar','2015-07-02 10:50:35'),(4,'media/','2015-07-02 10:50:38'),(4,'media/ [AUTOPLAY] //Photos/Puppies And Kittens.kanvar','2015-07-02 10:51:41'),(4,'media/','2015-07-02 10:52:29'),(4,'media//Family Messages/','2015-07-02 10:52:31'),(4,'media/','2015-07-02 10:52:33'),(4,'media//Photos/','2015-07-02 10:52:34'),(4,'media/','2015-07-02 10:52:36'),(4,'media//Old Movies/','2015-07-02 10:52:37'),(4,'media/','2015-07-02 10:52:39'),(4,'media/','2015-07-02 10:53:05'),(4,'media/ [AUTOPLAY] //Music/Elvis Presley.mp3','2015-07-02 10:53:07'),(4,'media/','2015-07-02 10:53:10'),(4,'media/ [AUTOPLAY] //Old Movies/The Wizard Of Oz.mp4','2015-07-02 10:53:11'),(4,'media/','2015-07-02 10:53:13'),(4,'media/ [AUTOPLAY] //Photos/Puppies And Kittens.kanvar','2015-07-02 10:53:14'),(4,'media/','2015-07-02 10:53:17'),(4,'media/ [AUTOPLAY] //Family Messages/Your Grandson.mp4','2015-07-02 10:53:18'),(4,'media/','2015-07-02 10:53:19'),(4,'media/ [AUTOPLAY] //Music/Frank Sinatra.mp3','2015-07-02 10:53:20'),(4,'media/','2015-07-02 10:53:23'),(4,'media/ [AUTOPLAY] //Music/The Beatles.mp3','2015-07-02 10:53:25'),(4,'media/','2015-07-02 10:53:27'),(4,'media/ [AUTOPLAY] //Music/ABBA.mp3','2015-07-02 10:53:27'),(4,'media/','2015-07-02 10:53:29'),(4,'media/ [AUTOPLAY] //Music/Dean Martin.mp3','2015-07-02 10:53:30'),(4,'media/','2015-07-02 10:53:32'),(4,'media/','2015-07-02 10:55:27'),(4,'media/ [AUTOPLAY] //Photos/Puppies And Kittens.kanvar','2015-07-02 10:56:43'),(4,'media/','2015-07-02 10:56:50'),(4,'media/','2015-07-03 04:31:01'),(4,'media//Music/','2015-07-03 04:31:23'),(4,'media//Music// [AUTOPLAY] Dean Martin.mp3','2015-07-03 04:31:24'),(4,'media//Music/// [AUTOPLAY] Elvis Presley.mp3','2015-07-03 04:31:32'),(4,'media//Music//// [AUTOPLAY] ABBA.mp3','2015-07-03 04:31:35'),(4,'media//Music////','2015-07-03 04:31:44'),(4,'media//Music////','2015-07-03 04:31:46'),(4,'media//Music///// [AUTOPLAY] The Beatles.mp3','2015-07-03 04:31:48'),(4,'media/','2015-07-03 04:31:51'),(4,'media//Old Movies/','2015-07-03 04:31:55'),(4,'media//Old Movies// [AUTOPLAY] A Star Is Born.mp4','2015-07-03 04:32:02'),(4,'media/','2015-07-03 04:32:16'),(4,'media//Photos/','2015-07-03 04:32:20'),(4,'media//Photos// [AUTOPLAY] Puppies And Kittens.kanvar','2015-07-03 04:32:22'),(4,'media/','2015-07-03 04:32:33'),(4,'media//Music/','2015-07-03 04:32:35'),(4,'media//Music// [AUTOPLAY] Elvis Presley.mp3','2015-07-03 04:32:39'),(4,'media//Music/// [AUTOPLAY] ABBA.mp3','2015-07-03 04:32:47'),(4,'media/','2015-07-03 04:33:53'),(4,'media/ [AUTOPLAY] //Photos/Puppies And Kittens.kanvar','2015-07-03 04:41:38'),(4,'media/','2015-07-03 05:00:27'),(4,'media/','2015-07-23 03:03:25'),(4,'media//Music/','2015-07-23 03:03:40'),(4,'media//Music// [AUTOPLAY] ABBA.mp3','2015-07-23 03:03:50'),(4,'media//Music/// [AUTOPLAY] Elvis Presley.mp3','2015-07-23 03:03:53'),(4,'media//Music//// [AUTOPLAY] Dean Martin.mp3','2015-07-23 03:03:58'),(4,'media//Music////','2015-07-23 03:04:02'),(4,'media//Music////','2015-07-23 03:04:06'),(4,'media/','2015-07-23 03:04:08'),(4,'media//Old Movies/','2015-07-23 03:04:12'),(4,'media//Old Movies// [AUTOPLAY] A Star Is Born.mp4','2015-07-23 03:04:15'),(4,'media/','2015-07-23 03:04:36'),(4,'media//Photos/','2015-07-23 03:04:38'),(4,'media//Photos// [AUTOPLAY] Puppies And Kittens.kanvar','2015-07-23 03:04:48'),(4,'media/','2015-07-23 03:05:00'),(4,'media//Family Messages/','2015-07-23 03:05:03'),(4,'media/','2015-07-23 03:05:06'),(4,'media/','2015-07-23 03:05:28'),(4,'media/ [AUTOPLAY] //Music/Elvis Presley.mp3','2015-07-23 03:05:31'),(4,'media/','2015-07-23 03:05:37'),(4,'media/ [AUTOPLAY] //Photos/Puppies And Kittens.kanvar','2015-07-23 03:05:46'),(4,'media/','2015-07-23 03:05:50');
/*!40000 ALTER TABLE `observations` ENABLE KEYS */;
UNLOCK TABLES;

--
-- Table structure for table `options`
--

DROP TABLE IF EXISTS `options`;
/*!40101 SET @saved_cs_client     = @@character_set_client */;
/*!40101 SET character_set_client = utf8 */;
CREATE TABLE `options` (
  `id` int(11) unsigned NOT NULL DEFAULT '0'
) ENGINE=InnoDB DEFAULT CHARSET=utf8;
/*!40101 SET character_set_client = @saved_cs_client */;

--
-- Dumping data for table `options`
--

LOCK TABLES `options` WRITE;
/*!40000 ALTER TABLE `options` DISABLE KEYS */;
INSERT INTO `options` VALUES (4),(4);
/*!40000 ALTER TABLE `options` ENABLE KEYS */;
UNLOCK TABLES;

--
-- Table structure for table `patients`
--

DROP TABLE IF EXISTS `patients`;
/*!40101 SET @saved_cs_client     = @@character_set_client */;
/*!40101 SET character_set_client = utf8 */;
CREATE TABLE `patients` (
  `id` int(11) NOT NULL,
  `name` varchar(50) NOT NULL,
  `wakeTime` smallint(5) unsigned NOT NULL DEFAULT '480',
  `sleepTime` smallint(5) unsigned NOT NULL DEFAULT '1200',
  `voicePrompts` tinyint(1) NOT NULL DEFAULT '1',
  `randomAutoPlayDelay` tinyint(3) unsigned NOT NULL DEFAULT '30',
  `motionAndAudioSensing` tinyint(1) NOT NULL DEFAULT '1',
  `disableAutoplay` tinyint(1) NOT NULL DEFAULT '1',
  `severeMode` tinyint(1) NOT NULL DEFAULT '0',
  PRIMARY KEY (`id`),
  KEY `id` (`id`),
  KEY `id_2` (`id`)
) ENGINE=InnoDB DEFAULT CHARSET=latin1;
/*!40101 SET character_set_client = @saved_cs_client */;

--
-- Dumping data for table `patients`
--

LOCK TABLES `patients` WRITE;
/*!40000 ALTER TABLE `patients` DISABLE KEYS */;
INSERT INTO `patients` VALUES (3,'Liam Greenough',480,1245,0,45,1,1,1),(4,'Kanvar Nayer',480,1200,1,15,1,1,1),(5,'Mahesh',480,1200,1,30,1,1,0),(6,'Mahesh',510,1215,1,15,1,0,0);
/*!40000 ALTER TABLE `patients` ENABLE KEYS */;
UNLOCK TABLES;
/*!40103 SET TIME_ZONE=@OLD_TIME_ZONE */;

/*!40101 SET SQL_MODE=@OLD_SQL_MODE */;
/*!40014 SET FOREIGN_KEY_CHECKS=@OLD_FOREIGN_KEY_CHECKS */;
/*!40014 SET UNIQUE_CHECKS=@OLD_UNIQUE_CHECKS */;
/*!40101 SET CHARACTER_SET_CLIENT=@OLD_CHARACTER_SET_CLIENT */;
/*!40101 SET CHARACTER_SET_RESULTS=@OLD_CHARACTER_SET_RESULTS */;
/*!40101 SET COLLATION_CONNECTION=@OLD_COLLATION_CONNECTION */;
/*!40111 SET SQL_NOTES=@OLD_SQL_NOTES */;

-- Dump completed on 2015-08-20 15:07:06
